-- phpMyAdmin SQL Dump
-- version 4.5.3.1
-- http://www.phpmyadmin.net
--
-- Host: localhost
-- Generation Time: May 31, 2022 at 03:39 AM
-- Server version: 5.7.10-log
-- PHP Version: 5.6.17

SET SQL_MODE = "NO_AUTO_VALUE_ON_ZERO";
SET time_zone = "+00:00";


/*!40101 SET @OLD_CHARACTER_SET_CLIENT=@@CHARACTER_SET_CLIENT */;
/*!40101 SET @OLD_CHARACTER_SET_RESULTS=@@CHARACTER_SET_RESULTS */;
/*!40101 SET @OLD_COLLATION_CONNECTION=@@COLLATION_CONNECTION */;
/*!40101 SET NAMES utf8mb4 */;

--
-- Database: `finishing`
--

-- --------------------------------------------------------

--
-- Table structure for table `barang`
--

CREATE TABLE `barang` (
  `kode_brg` varchar(60) DEFAULT NULL,
  `nama_brg` varchar(300) DEFAULT NULL,
  `kode_jenis` varchar(60) DEFAULT NULL,
  `kode_group` varchar(60) DEFAULT NULL,
  `kode_proses` varchar(60) DEFAULT NULL,
  `awalgryth` double DEFAULT NULL,
  `awalgrybl` double DEFAULT NULL,
  `akhirgry` double DEFAULT NULL,
  `awalcmbth` double DEFAULT NULL,
  `awalcmbbl` double DEFAULT NULL,
  `akhircmb` double DEFAULT NULL,
  `awalfldth` double DEFAULT NULL,
  `awalfldbl` double DEFAULT NULL,
  `akhirfld` double DEFAULT NULL,
  `g01` double DEFAULT '0',
  `g02` double DEFAULT '0',
  `g03` double DEFAULT '0',
  `g04` double DEFAULT '0',
  `g05` double DEFAULT '0',
  `g06` double DEFAULT '0',
  `g07` double DEFAULT '0',
  `g08` double DEFAULT '0',
  `g09` double DEFAULT '0',
  `g10` double DEFAULT '0',
  `g11` double DEFAULT '0',
  `g12` double DEFAULT '0',
  `c01` double DEFAULT '0',
  `c02` double DEFAULT '0',
  `c03` double DEFAULT '0',
  `c04` double DEFAULT '0',
  `c05` double DEFAULT '0',
  `c06` double DEFAULT '0',
  `c07` double DEFAULT '0',
  `c08` double DEFAULT '0',
  `c09` double DEFAULT '0',
  `c10` double DEFAULT '0',
  `c11` double DEFAULT '0',
  `c12` double DEFAULT '0',
  `f01` double DEFAULT '0',
  `f02` double DEFAULT '0',
  `f03` double DEFAULT '0',
  `f04` double DEFAULT '0',
  `f05` double DEFAULT '0',
  `f06` double DEFAULT '0',
  `f07` double DEFAULT '0',
  `f08` double DEFAULT '0',
  `f09` double DEFAULT '0',
  `f10` double DEFAULT '0',
  `f11` double DEFAULT '0',
  `f12` double DEFAULT '0',
  `inaktive` enum('Yes','No') DEFAULT 'No'
) ENGINE=InnoDB DEFAULT CHARSET=utf8;

--
-- Dumping data for table `barang`
--

INSERT INTO `barang` (`kode_brg`, `nama_brg`, `kode_jenis`, `kode_group`, `kode_proses`, `awalgryth`, `awalgrybl`, `akhirgry`, `awalcmbth`, `awalcmbbl`, `akhircmb`, `awalfldth`, `awalfldbl`, `akhirfld`, `g01`, `g02`, `g03`, `g04`, `g05`, `g06`, `g07`, `g08`, `g09`, `g10`, `g11`, `g12`, `c01`, `c02`, `c03`, `c04`, `c05`, `c06`, `c07`, `c08`, `c09`, `c10`, `c11`, `c12`, `f01`, `f02`, `f03`, `f04`, `f05`, `f06`, `f07`, `f08`, `f09`, `f10`, `f11`, `f12`, `inaktive`) VALUES
('B00001', 'Bercolin BMP', 'J0002', 'G0002', 'P0006', 0, 0, 0, 0, 0, 0, 0, 0, 0, 0, 0, 0, 0, 0, 0, 0, 0, 0, 0, 0, 0, 0, 0, 0, 0, 0, 0, 0, 0, 0, 0, 0, 0, 0, 0, 0, 0, 0, 0, 0, 0, 0, 0, 0, 0, ''),
('B00002', 'Bercolin FF', 'J0004', 'G0002', 'P0007', 0, 0, 0, 0, 0, 0, 0, 0, 0, 0, 0, 0, 0, 0, 0, 0, 0, 0, 0, 0, 0, 0, 0, 0, 0, 0, 0, 0, 0, 0, 0, 0, 0, 0, 0, 0, 0, 0, 0, 0, 0, 0, 0, 0, 0, ''),
('B00003', 'Biru BM', 'J0001', 'G0002', 'P0005', 0, 0, 72469, 182511, 0, 72469, 0, -6814, -6814, 55356, 111364, 109588, 0, 0, 0, 0, 0, 27682, 57980, 54124, 0, -4330, 54667, 0, 0, 0, 0, 71075, 220485, 29607, 42648, -95124, 48906, -53236, 3482, -6814, 21635, 0, 4207, 2072, 1792, 0, 419, 28975, 0, ''),
('B00004', 'Biru BM Sritex', 'J0001', 'G0002', 'P0005', 0, 0, 0, 0, 0, 0, 0, -17632, -17632, 0, 0, 0, 0, 0, 0, 0, 0, 0, 0, 0, 0, 0, 0, 0, 0, 0, 0, 0, 0, 0, 0, 0, 0, 0, 0, 0, 0, 0, 0, 0, 0, 0, 0, 0, 0, ''),
('B00005', 'Biru BMP', 'J0002', 'G0002', 'P0006', 0, 0, 0, 0, 0, 0, 0, 0, 0, 0, 0, 0, 0, 0, 0, 0, 0, 0, 0, 0, 0, 0, 0, 0, 0, 0, 0, 0, 0, 0, 0, 0, 0, 0, 0, 0, 0, 0, 0, 0, 0, 0, 0, 0, 0, ''),
('B00006', 'Biru BM-REP', 'J0001', 'G0003', 'P0005', 0, 0, 0, 0, 0, 0, 0, 43718, 43718, 0, 0, 0, 0, 0, 0, 0, 0, 0, 0, 0, 0, 0, 0, 0, 0, 0, 0, 0, 0, 0, 0, 0, 0, 0, 0, 0, 0, 0, 0, 0, 0, 0, 0, 0, 0, ''),
('B00007', 'Biru FF', 'J0004', 'G0002', 'P0007', 0, 0, 2063, 0, 0, 2063, 0, -17038, -17038, 38534, 0, 36410, 0, 0, 0, 0, 0, 0, 38643, 0, 10528, 3364, 0, 0, 0, 0, 0, 18628, 0, 2064, 0, -675, -8092, 11457, 0, -17038, 20971, 0, 5174, 0, 3624, 0, 0, 1732, 0, ''),
('B00008', 'Biru FFNC', 'J0005', 'G0002', 'P0008', 0, 0, 0, 0, 0, 0, 0, 0, 0, 0, 0, 0, 0, 0, 0, 0, 0, 0, 0, 0, 0, 0, 0, 0, 0, 0, 0, 0, 0, 0, 0, 0, 0, 0, 0, 0, 0, 0, 0, 0, 914, 0, 0, 0, 0, ''),
('B00009', 'BIRU FF-REP', 'J0004', 'G0003', 'P0007', 0, 0, 0, 0, 0, 0, 0, 0, 0, 0, 0, 0, 0, 0, 0, 0, 0, 0, 0, 0, 0, 0, 0, 0, 0, 0, 0, 0, 0, 0, 0, 0, 0, 0, 0, 0, 0, 0, 0, 0, 0, 0, 0, 0, 0, ''),
('B00010', 'BWMD 2888', 'J0001', 'G0001', 'P0001', 0, 0, 0, 0, 0, 0, 0, -25955, -25955, 0, 0, 0, 0, 0, 0, 0, 0, 0, 0, 0, 0, -25955, 0, 0, 0, 0, 0, 0, 0, 0, 0, 540, 0, -25955, 0, 0, 0, 0, 0, 0, 0, 0, 0, 0, 0, ''),
('B00011', 'BWMD 2888-REP', 'J0001', 'G0003', 'P0001', 0, 0, 0, 0, 0, 0, 0, 0, 0, 0, 0, 0, 0, 0, 0, 0, 0, 0, 0, 0, 0, 0, 0, 0, 0, 0, 0, 0, 0, 0, 0, 0, 0, 0, 0, 0, 0, 0, 0, 0, 0, 0, 0, 0, 0, ''),
('B00012', 'KA 125 BMP', 'J0002', 'G0001', 'P0002', 0, 0, 0, 0, 0, 0, 0, 0, 0, 0, 4298, 0, 0, 0, 0, 0, 0, 0, 0, 0, 3855, 0, 0, 0, 0, 0, 0, 0, 0, 0, 0, 0, 0, 0, 0, 0, 0, 0, 0, 0, 0, 0, 0, 0, 0, ''),
('B00013', 'KA 1259 BMP', 'J0002', 'G0001', 'P0002', 0, 0, 0, 0, 0, 0, 0, 0, 0, 0, 0, 0, 0, 0, 0, 0, 0, 0, 0, 0, 0, 0, 0, 0, 0, 0, 0, 0, 0, 0, 0, 0, 0, 0, 0, 0, 0, 0, 0, 0, 0, 0, 0, 0, 0, ''),
('B00014', 'KA 1265 BMP', 'J0002', 'G0001', 'P0002', 0, 0, 0, 0, 0, 0, 0, 0, 0, 0, 0, 0, 0, 0, 0, 0, 0, 0, 0, 0, 0, 0, 0, 0, 0, 0, 0, 0, 0, 0, 0, 0, 0, 0, 0, 0, 0, 0, 0, 0, 0, 0, 0, 0, 0, ''),
('B00015', 'KA 1266 BMP', 'J0002', 'G0001', 'P0002', 0, 0, 0, 0, 0, 0, 0, 0, 0, 0, 0, 0, 0, 0, 0, 0, 0, 0, 0, 0, 0, 0, 0, 0, 0, 0, 0, 0, 0, 0, 0, 0, 0, 0, 0, 0, 0, 0, 0, 0, 0, 0, 0, 0, 0, ''),
('B00016', 'KA 309 BM', 'J0001', 'G0001', 'P0001', 0, 0, 0, 0, 0, 0, 0, 191, 191, 0, 0, 0, 0, 0, 0, 0, 0, 0, 0, 0, 0, 191, 0, 0, 0, 1677, 0, 0, 0, 0, 0, -8654, 0, 191, 0, 0, 0, 0, 0, 0, 0, 0, 0, 2135, 0, ''),
('B00017', 'KA 309 BMP-SWB', 'J0003', 'G0001', 'P0002', 0, 0, 0, 0, 0, 0, 0, 9191, 9191, 0, 0, 0, 0, 0, 0, 0, 0, 0, 0, 0, 0, 0, 0, 0, 0, 0, 0, 0, 0, 0, 0, 0, 0, 0, 0, 0, 0, 0, 0, 0, 0, 0, 0, 0, 0, ''),
('B00018', 'KA 309 BM-REP', 'J0001', 'G0003', 'P0001', 0, 0, 0, 0, 0, 0, 0, 0, 0, 0, 0, 0, 0, 0, 0, 0, 0, 0, 0, 0, 0, 0, 0, 0, 0, 0, 0, -1502, 0, 0, 0, 0, 0, 0, 0, 0, 0, 0, 0, 0, 0, 0, 0, 0, 0, ''),
('B00019', 'KA 309-2 MSB BM', 'J0001', 'G0001', 'P0001', 0, 0, 0, 0, 0, 0, 0, 12628, 12628, 0, 0, 0, 0, 0, 0, 0, 0, 0, 0, 0, 0, 0, 0, 0, 0, 0, 0, 38496, 0, 0, 0, 0, 0, 0, 0, 0, 0, 0, 12627, 0, 0, 0, 0, 0, 0, ''),
('B00020', 'Ka 318 bm-Rep', 'J0001', 'G0003', 'P0001', 0, 0, 0, 0, 0, 0, 0, 0, 0, 0, 0, 0, 0, 0, 0, 0, 0, 0, 0, 0, 0, 0, 0, 0, 0, 0, 0, 0, 0, 0, 0, 0, 0, 0, 0, 0, 0, 0, 0, 0, 0, 0, 0, 0, 0, ''),
('B00021', 'KA 641 FF', 'J0004', 'G0001', 'P0003', 0, 0, 0, 0, 0, 0, 0, 0, 0, 0, 0, 0, 0, 0, 0, 0, 0, 0, 0, 0, 0, 0, 0, 0, 0, 0, 0, 0, 0, 0, 0, 0, 0, 0, 0, 0, 0, 0, 0, 0, 0, 0, 0, 0, 0, ''),
('B00022', 'KA 641 FFNC', 'J0005', 'G0001', 'P0004', 0, 0, 0, 0, 0, 0, 0, 0, 0, 0, 0, 0, 0, 0, 0, 0, 0, 0, 0, 0, 0, 0, 0, 0, 0, 0, 0, 0, 0, 0, 0, 0, 0, 0, 0, 0, 0, 0, 0, 0, 0, 0, 0, 0, 0, ''),
('B00023', 'KA 6603 FFNC', 'J0005', 'G0001', 'P0004', 0, 0, 0, 0, 0, 0, 0, 228, 228, 0, 0, 0, 0, 0, 0, 0, 0, 0, 0, 0, 0, 228, 0, 0, 0, 0, 0, 0, 0, 0, 0, 0, 0, 228, 0, 0, 0, 0, 0, 0, 0, 0, 0, 0, 0, ''),
('B00024', 'KA 6605 FFNC', 'J0005', 'G0001', 'P0004', 0, 0, 0, 0, 0, 0, 0, 0, 0, 0, 0, 0, 0, 0, 0, 0, 0, 0, 0, 0, 0, 0, 0, 0, 0, 0, 0, 0, 0, 0, 0, 0, 0, 0, 0, 0, 0, 0, 0, 0, 0, 0, 0, 0, 0, ''),
('B00025', 'KBC REP', 'J0001', 'G0003', 'P0001', 0, 0, 0, 0, 0, 0, 0, 0, 0, 0, 0, 0, 0, 0, 0, 0, 0, 0, 0, 0, 0, 0, 0, 0, 0, 0, 0, 0, 0, 0, 0, 0, 0, 0, 0, 0, 0, 0, 0, 0, 0, 0, 0, 0, 0, ''),
('B00026', 'KM 058 BM', 'J0001', 'G0003', 'P0001', 0, 0, 0, 0, 0, 0, 0, 0, 0, 0, 0, 0, 0, 0, 0, 0, 0, 0, 0, 0, 0, 0, 0, 0, 0, 0, 0, 0, 0, 0, 0, 0, 0, 0, 0, 0, 0, 0, 0, 0, 0, 0, 0, 0, 0, ''),
('B00027', 'KM 062 BM', 'J0001', 'G0001', 'P0001', 0, 0, 0, 0, 0, 0, 0, 0, 0, 0, 0, 0, 0, 0, 0, 0, 0, 0, 0, 0, 0, 0, 0, 0, 0, 0, 0, 0, 0, 0, 0, 0, 0, 0, 0, 0, 0, 0, 0, 0, 0, 0, 0, 47, 0, ''),
('B00028', 'KM 101 FF', 'J0004', 'G0001', 'P0003', 0, 0, 17579, 8637, 0, 17579, 0, 18953, 18953, 1704, 3132, 8293, 9058, 4412, 0, 0, 0, 0, 0, 0, 0, 8976, 0, 0, 0, 0, 0, 0, 0, 0, 0, 0, 8976, 0, 23337, 18952, 1410, 3131, 5702, 1221, 4194, 13075, 11507, 3297, 0, ''),
('B00029', 'KM 101 FF REP', 'J0004', 'G0003', 'P0003', 0, 0, 0, 0, 0, 0, 0, -136, -136, 0, 0, 0, 0, 0, 0, 0, 0, 0, 0, 0, 0, 0, 0, 0, 0, 0, 0, 0, 0, 0, 0, 0, 0, 0, 0, 0, 0, 0, 0, 0, 0, 0, 0, 0, 0, ''),
('B00030', 'KM 1101 FF', 'J0004', 'G0001', 'P0003', 0, 0, 0, 0, 0, 0, 0, 0, 0, 0, 0, 0, 0, 0, 0, 0, 0, 0, 0, 0, 0, 0, 0, 0, 0, 0, 0, 0, 0, 0, 0, 0, 0, 0, 0, 0, 0, 0, 0, 0, 0, 0, 0, 0, 0, ''),
('B00031', 'KM 1109 FF', 'J0004', 'G0001', 'P0003', 0, 0, 0, 0, 0, 0, 0, 0, 0, 0, 0, 0, 0, 0, 0, 0, 0, 0, 0, 0, 0, 0, 0, 0, 0, 0, 0, 0, 0, 0, 0, 0, 0, 0, 0, 0, 0, 0, 0, 0, 0, 0, 0, 0, 0, ''),
('B00032', 'KM 1109 FF REP', 'J0004', 'G0003', 'P0003', 0, 0, 0, 0, 0, 0, 0, 916, 916, 0, 0, 0, 0, 0, 0, 0, 0, 0, 0, 0, 0, 0, 0, 0, 0, 0, 0, 0, 0, 0, 0, 0, 0, 0, 0, 0, 0, 0, 0, 0, 0, 0, 0, 0, 0, ''),
('B00033', 'KM 1118 BM', 'J0001', 'G0001', 'P0001', 0, 0, 0, 0, 0, 0, 0, 0, 0, 0, 0, 0, 0, 0, 0, 0, 0, 0, 0, 0, 0, 0, 0, 0, 0, 0, 0, 0, 0, 0, 0, 0, 0, 0, 0, 0, 0, 0, 0, 0, 0, 0, 0, 0, 0, ''),
('B00034', 'Km 1118 BMP', 'J0002', 'G0001', 'P0002', 0, 0, 0, 4, 0, 0, 0, 0, 0, 0, 0, 4, 0, 0, 0, 0, 0, 0, 0, 0, 0, 0, 0, 0, 0, 0, 0, 0, 0, 0, 0, 0, 0, 0, 0, 0, 0, 0, 0, 0, 0, 0, 0, 0, 0, ''),
('B00035', 'KM 1118 BM-REP', 'J0001', 'G0003', 'P0001', 0, 0, 0, 0, 0, 0, 0, 560, 560, 0, 0, 0, 0, 0, 0, 0, 0, 0, 0, 0, 0, 0, 0, 0, 0, 0, 0, 0, 0, 0, 0, 0, 0, 0, 0, 0, 0, 0, 0, 0, 0, 0, 0, 0, 0, ''),
('B00036', 'KM 1118 FF', 'J0004', 'G0001', 'P0003', 0, 0, 0, 0, 0, 0, 0, -1460, -1460, 0, 0, 0, 0, 0, 0, 0, 0, 0, 0, 0, 0, 0, 0, 0, 0, 0, 0, 0, 0, 0, 0, 0, 0, 0, 0, 0, 0, 0, 0, 0, 0, 0, 0, 0, 0, ''),
('B00037', 'KM 1120 BMP', 'J0002', 'G0001', 'P0002', 0, 0, 0, 0, 0, 0, 0, 395, 395, 0, 0, 0, 0, 0, 0, 0, 0, 0, 0, 0, 0, 0, 0, 0, 0, 0, 0, 0, 0, 0, 0, 0, 0, 0, 0, 0, 0, 0, 0, 0, 0, 0, 0, 0, 0, ''),
('B00038', 'KM 1122 BM', 'J0001', 'G0001', 'P0001', 0, 0, 0, 0, 0, 0, 0, 19, 19, 0, 0, 0, 0, 0, 0, 0, 0, 0, 0, 0, 0, 0, 0, 0, 0, 0, 0, 0, 0, 0, 0, 0, 0, 0, 0, 0, 0, 0, 0, 0, 0, 0, 0, 0, 0, ''),
('B00039', 'KM 1122 BM-REP', 'J0001', 'G0003', 'P0001', 0, 0, 0, 0, 0, 0, 0, 194, 194, 0, 0, 0, 0, 0, 0, 0, 0, 0, 0, 0, 0, 0, 0, 0, 0, 0, 0, 0, 0, 0, 0, 0, 0, 0, 0, 0, 0, 0, 0, 0, 0, 0, 0, 0, 0, ''),
('B00040', 'KM 1122 BM-SWB', 'J0001', 'G0001', 'P0001', 0, 0, 0, 0, 0, 0, 0, 1117, 1117, 0, 0, 0, 0, 0, 0, 0, 0, 0, 0, 0, 0, 0, 0, 0, 0, 0, 0, 0, 0, 0, 0, 0, 0, 0, 0, 0, 0, 0, 0, 0, 0, 0, 0, 0, 0, ''),
('B00041', 'KM 1144 BMP', 'J0002', 'G0001', 'P0002', 0, 0, 0, 0, 0, 0, 0, 0, 0, 0, 0, 0, 0, 0, 0, 0, 0, 0, 0, 0, 0, 0, 0, 0, 0, 0, 0, 0, 0, 0, 0, 0, 0, 0, 0, 0, 0, 0, 0, 0, 0, 0, 0, 0, 0, ''),
('B00042', 'KM 1168 BM', 'J0001', 'G0001', 'P0001', 0, 0, 0, 0, 0, 0, 0, -535, -535, 0, 0, 0, 0, 0, 0, 0, 0, 0, 0, 0, 0, 0, 0, 0, 0, 0, 0, 0, 0, 0, 0, 0, 0, 0, 0, 0, 0, 0, 0, 0, 0, 0, 0, 0, 0, ''),
('B00043', 'kM 1170 BMP', 'J0002', 'G0001', 'P0002', 0, 0, 0, 0, 0, 0, 0, 105, 105, 0, 0, 0, 0, 0, 0, 0, 0, 0, 0, 0, 0, 105, 0, 0, 0, 0, 0, 0, 0, 0, 0, 0, 0, 105, 0, 0, 0, 0, 0, 0, 0, 0, 0, 0, 0, ''),
('B00044', 'KM 1178 BMP', 'J0002', 'G0001', 'P0002', 0, 0, -2262, 0, 0, -2262, 0, 4519, 4519, 0, 0, 0, 0, 0, 0, 0, 0, 0, 0, 0, 0, 644, 0, 0, 0, 0, 0, 0, -3237, 0, 0, 30, 0, 644, 6781, 4519, 0, 3004, 1698, 0, 0, 0, 833, 4166, 0, ''),
('B00045', 'KM 1193 BM', 'J0001', 'G0001', 'P0001', 0, 0, 0, 0, 0, 0, 0, 1435, 1435, 0, 0, 0, 0, 0, 0, 0, 0, 0, 0, 0, 0, 0, 0, 0, 0, 0, 0, 0, 0, 0, 0, 0, 0, 0, 0, 0, 0, 0, 1435, 0, 0, 0, 0, 0, 0, ''),
('B00046', 'KM 1194 BM', 'J0001', 'G0001', 'P0001', 0, 0, 0, 0, 0, 0, 0, 0, 0, 0, 0, 0, 0, 0, 0, 0, 0, 0, 0, 0, 0, 0, 0, 0, 0, 0, 0, 0, 0, 0, 0, 0, 0, 0, 0, 0, 0, 0, 0, 0, 0, 0, 0, 0, 0, ''),
('B00047', 'KM 1195 BM', 'J0001', 'G0001', 'P0001', 0, 0, 0, 0, 0, 0, 0, 0, 0, 0, 0, 0, 0, 0, 0, 0, 0, 0, 0, 0, 0, 0, 0, 0, 0, 0, 0, 0, 0, 0, 0, 0, 0, 0, 0, 0, 0, 0, 0, 0, 0, 0, 0, 0, 0, ''),
('B00048', 'KM 1195 BMP', 'J0002', 'G0001', 'P0002', 0, 0, -26611, 21808, 0, -26611, 0, -26612, -26612, 0, 0, 0, 0, 0, 0, 0, 0, 0, 0, 0, 0, -4814, 0, 0, 0, 0, 0, 0, 0, 0, 0, 0, 0, -4814, 0, -26611, 0, 0, 0, 0, 2326, 0, 0, 0, 0, ''),
('B00049', 'KM 1199 BM', 'J0001', 'G0001', 'P0001', 0, 0, 0, 0, 0, 0, 0, 623, 623, 0, 0, 0, 0, 0, 0, 0, 0, 0, 0, 0, 0, 0, 0, 0, 0, 0, 0, 0, 0, 0, 0, 0, 0, 0, 0, 0, 0, 0, 623, 0, 0, 124, 124, 0, 0, ''),
('B00050', 'KM 1201 BM', 'J0001', 'G0001', 'P0001', 0, 0, 0, 0, 0, 0, 0, 220, 220, 0, 0, 0, 0, 0, 0, 0, 0, 0, 0, 0, 0, 220, 0, 0, 0, 0, 0, 0, 0, 0, 0, 0, 0, 220, 0, 0, 0, 0, 0, 0, 0, 0, 0, 0, 0, ''),
('B00051', 'KM 1201 FF', 'J0004', 'G0001', 'P0003', 0, 0, 0, 0, 0, 0, 0, 0, 0, 0, 0, 4573, 0, 0, 0, 0, 0, 0, 0, 0, 0, 0, 0, 0, 0, 0, 0, 0, 0, 0, 0, 0, 0, 0, 0, 0, 0, 0, 0, 0, 0, 0, 0, 0, 0, ''),
('B00052', 'KM 1203 BMP', 'J0002', 'G0001', 'P0002', 0, 0, 0, 0, 0, 0, 0, 0, 0, 0, 0, 0, 0, 0, 0, 0, 0, 0, 0, 0, 0, 0, 0, 0, 0, 0, 0, 0, 0, 0, 0, 0, 0, 0, 0, 0, 0, 0, 0, 0, 0, 0, 0, 0, 0, ''),
('B00053', 'KM 1216 BMP', 'J0002', 'G0001', 'P0002', 0, 0, 0, 0, 0, 0, 0, 0, 0, 0, 0, 0, 0, 0, 0, 0, 0, 0, 0, 0, 0, 0, 0, 0, 0, 0, 0, 0, 0, 0, 0, 0, 0, 0, 0, 0, 11446, 0, 0, 2841, 1320, 0, 0, 0, 0, ''),
('B00054', 'KM 1216 BMP-REP', 'J0002', 'G0003', 'P0002', 0, 0, 0, 0, 0, 0, 0, 0, 0, 0, 0, 0, 0, 0, 0, 0, 0, 0, 0, 0, 0, 0, 0, 0, 0, 0, 0, 0, 0, 0, 0, 0, 0, 0, 0, 0, 0, 0, 0, 0, 0, 0, 0, 0, 0, ''),
('B00055', 'KM 1218 BM', 'J0001', 'G0001', 'P0001', 0, 0, 0, 0, 0, 0, 0, 0, 0, 0, 0, 0, 0, 0, 0, 0, 0, 0, 0, 0, 0, 0, 0, 0, 0, 0, 0, 0, 0, 0, 0, 0, 0, 0, 0, 0, 0, 0, 0, 0, 0, 0, 0, 0, 0, ''),
('B00056', 'KM 1221 BM', 'J0001', 'G0001', 'P0001', 0, 0, 0, 0, 0, 0, 0, 0, 0, 0, 0, 0, 0, 0, 0, 0, 0, 0, 0, 0, 0, 0, 0, 0, 0, 0, 0, 0, 0, 0, 0, 0, 0, 0, 0, 0, 0, 0, 0, 0, 0, 0, 0, 0, 0, ''),
('B00057', 'KM 1221 FF', 'J0004', 'G0001', 'P0003', 0, 0, 0, 0, 0, 0, 0, 0, 0, 0, 0, 0, 0, 0, 0, 0, 0, 0, 0, 0, 4809, 0, 0, 0, 0, 0, 0, 0, 0, 0, 0, 0, 0, 0, 0, 0, 2076, 0, 0, 0, 0, 0, 0, 0, 0, ''),
('B00058', 'KM 1233 BMP', 'J0002', 'G0001', 'P0002', 0, 0, 0, 0, 0, 0, 0, 0, 0, 0, 0, 0, 0, 0, 0, 0, 0, 0, 0, 0, 0, 0, 0, 0, 0, 0, 0, 0, 0, 0, 0, 0, 0, 0, 0, 0, 0, 0, 0, 0, 0, 0, 0, 0, 0, ''),
('B00059', 'KM 1233 BMP-REP', 'J0002', 'G0003', 'P0002', 0, 0, 0, 0, 0, 0, 0, 0, 0, 0, 0, 0, 0, 0, 0, 0, 0, 0, 0, 0, 0, 0, 0, 0, 0, 0, 0, 0, 0, 0, 0, 0, 0, 0, 0, 0, 0, 0, 0, 0, 0, 0, 0, 0, 0, ''),
('B00060', 'KM 1233 FF', 'J0004', 'G0001', 'P0003', 0, 0, 0, 0, 0, 0, 0, 0, 0, 0, 0, 0, 0, 0, 0, 0, 0, 0, 0, 0, 0, 0, 0, 0, 0, 0, 0, 0, 0, 0, 0, 0, 0, 0, 0, 0, 0, 0, 0, 0, 0, 0, 0, 0, 0, ''),
('B00061', 'KM 1238 BMP', 'J0002', 'G0001', 'P0002', 0, 0, 0, 0, 0, 0, 0, 0, 0, 0, 0, 0, 0, 0, 0, 0, 0, 0, 0, 0, 0, 0, 0, 0, 0, 0, 0, 0, 0, 0, 0, 0, 0, 0, 0, 0, 0, 0, 0, 0, 0, 0, 0, 0, 0, ''),
('B00062', 'KM 1240 BM', 'J0001', 'G0001', 'P0001', 0, 0, 0, 0, 0, 0, 0, 0, 0, 0, 0, 0, 0, 0, 0, 0, 0, 0, 0, 0, 0, 0, 0, 0, 0, 0, 0, 0, 0, 0, 0, 0, 0, 0, 0, 0, 0, 0, 0, 0, 0, 0, 0, 0, 0, ''),
('B00063', 'KM 1240 BM-REP', 'J0001', 'G0003', 'P0001', 0, 0, 0, 0, 0, 0, 0, 0, 0, 0, 0, 0, 0, 0, 0, 0, 0, 0, 0, 0, 0, 0, 0, 0, 0, 0, 0, 0, 0, 0, 0, 0, 0, 0, 0, 0, 0, 0, 0, 0, 0, 0, 0, 0, 0, ''),
('B00064', 'KM 1240 FF', 'J0004', 'G0001', 'P0003', 0, 0, 0, 0, 0, 0, 0, 0, 0, 0, 0, 0, 0, 0, 0, 0, 0, 0, 0, 0, 0, 0, 0, 0, 0, 0, 0, 0, 0, 0, 0, 0, 0, 0, 0, 0, 0, 0, 0, 0, 0, 0, 0, 0, 0, ''),
('B00065', 'KM 1241 BM', 'J0001', 'G0001', 'P0001', 0, 0, 0, 0, 0, 0, 0, 0, 0, 0, 0, 0, 0, 0, 0, 0, 0, 0, 0, 0, 0, 0, 0, 0, 0, 0, 0, 0, 0, 0, 0, 0, 0, 0, 0, 0, 0, 0, 0, 0, 0, 0, 0, 0, 0, ''),
('B00066', 'KM 1244 BM', 'J0001', 'G0001', 'P0001', 0, 0, 0, 0, 0, 0, 0, 0, 0, 0, 0, 0, 13665, 45567, 27173, 27173, 0, 0, 13000, 0, 0, 0, 0, 0, 0, 0, 0, 0, 0, 0, 0, 0, 0, 0, 0, 0, 0, 0, 0, 0, 0, 0, 0, 0, 0, ''),
('B00067', 'KM 1244 BMP', 'J0002', 'G0001', 'P0002', 0, 0, 0, 0, 0, 0, 0, 0, 0, 0, 0, 0, 0, 8053, 0, 0, 0, 0, 0, 0, 0, 0, 0, 0, 0, 0, 0, 0, 0, 0, 0, 0, 0, 0, 0, 0, 0, 0, 0, 0, 0, 0, 0, 0, 0, ''),
('B00068', 'KM 1244 BM-REP', 'J0001', 'G0003', 'P0001', 0, 0, 0, 0, 0, 0, 0, 0, 0, 0, 0, 0, 0, 0, 0, 0, 0, 0, 0, 0, 0, 0, 0, 0, 0, 0, 0, 0, 0, 0, 0, 0, 0, 0, 0, 0, 0, 0, 0, 0, 0, 0, 0, 0, 0, ''),
('B00069', 'KM 1244 FF', 'J0004', 'G0001', 'P0003', 0, 0, 0, 0, 0, 0, 0, 0, 0, 0, 0, 0, 0, 0, 0, 0, 0, 0, 0, 0, 0, 0, 0, 0, 0, 0, 0, 0, 0, 0, 0, 0, 0, 0, 0, 0, 0, 0, 0, 0, 0, 0, 0, 0, 0, ''),
('B00070', 'KM 125 BMP', 'J0002', 'G0001', 'P0002', 0, 0, 162639, 13034, 0, 162639, 0, 2458, 2458, 0, 30617, 71458, 36252, 62429, 49123, 12646, 25104, 3211, 4257, 8848, 0, 139382, 0, 0, 0, 0, 0, 136345, 47485, 0, 0, 14114, 39537, 99845, 6841, 2457, 2015, 10237, 11740, 835, 1145, 10180, 25361, 1617, 0, ''),
('B00071', 'KM 125 BMP REP', 'J0002', 'G0003', 'P0002', 0, 0, 0, 0, 0, 0, 0, 0, 0, 0, 0, 0, 0, 0, 0, 0, 0, 0, 0, 0, 0, 0, 0, 0, 0, 0, 0, 0, 0, 0, 0, 0, 0, 0, 0, 0, 0, 0, 0, 0, 0, 0, 0, 0, 0, ''),
('B00072', 'KM 125 BMS REP', 'J0002', 'G0003', 'P0002', 0, 0, 0, 0, 0, 0, 0, -101, -101, 0, 0, 0, 0, 0, 0, 0, 0, 0, 0, 0, 0, 0, 0, 0, 0, 0, 0, 0, 0, 0, 0, 0, 0, 0, 0, 0, 0, 0, 0, 0, 0, 0, 0, 0, 0, ''),
('B00073', 'KM 1253 BMP', 'J0002', 'G0001', 'P0002', 0, 0, 0, 0, 0, 0, 0, 0, 0, 0, 0, 0, 0, 0, 0, 0, 0, 0, 0, 0, 0, 0, 0, 0, 0, 0, 0, 0, 0, 0, 0, 0, 0, 0, 0, 0, 0, 0, 0, 0, 0, 0, 0, 0, 0, ''),
('B00074', 'KM 1253 BMP-REP', 'J0002', 'G0003', 'P0002', 0, 0, 0, 0, 0, 0, 0, 0, 0, 0, 0, 0, 0, 0, 0, 0, 0, 0, 0, 0, 0, 0, 0, 0, 0, 0, 0, 0, 0, 0, 0, 0, 0, 0, 0, 0, 0, 0, 0, 0, 0, 0, 0, 0, 0, ''),
('B00075', 'KM 1257 BM', 'J0001', 'G0001', 'P0001', 0, 0, 0, 0, 0, 0, 0, 0, 0, 0, 0, 0, 0, 0, 0, 0, 0, 0, 0, 0, 0, 0, 0, 0, 0, 0, 0, 0, 0, 0, 0, 0, 0, 0, 0, 0, 0, 0, 0, 0, 0, 0, 0, 0, 0, ''),
('B00076', 'KM 1257 BM-REP', 'J0001', 'G0003', 'P0001', 0, 0, 0, 0, 0, 0, 0, 0, 0, 0, 0, 0, 0, 0, 0, 0, 0, 0, 0, 0, 0, 0, 0, 0, 0, 0, 0, 0, 0, 0, 0, 0, 0, 0, 0, 0, 0, 0, 0, 0, 0, 0, 0, 0, 0, ''),
('B00077', 'KM 1269 BMP', 'J0002', 'G0001', 'P0002', 0, 0, 0, 0, 0, 0, 0, 0, 0, 0, 0, 0, 0, 0, 0, 0, 0, 0, 0, 0, 0, 0, 0, 0, 0, 0, 0, 0, 0, 0, 0, 0, 0, 0, 0, 0, 0, 0, 0, 0, 0, 0, 0, 0, 0, ''),
('B00078', 'KM 133 BM', 'J0001', 'G0001', 'P0001', 0, 0, 0, 0, 0, 0, 0, -6557, -6557, 0, 0, 0, 0, 0, 0, 0, 0, 0, 0, 0, 0, 0, 0, 0, 0, 0, 0, 0, 0, 0, 0, 0, 0, 0, 0, 0, 0, 0, 0, 0, 0, 0, 0, 0, 0, ''),
('B00079', 'KM 133 BMP', 'J0002', 'G0001', 'P0002', 0, 0, 4276, 0, 0, 4276, 0, 0, 0, 0, 0, 0, 0, 0, 0, 0, 0, 0, 0, 0, 0, 4737, 0, 0, 0, 0, 0, 0, -100, 0, 0, 0, 4737, 0, 4276, 4276, 1785, 1146, 838, 600, 1109, 838, 481, 3515, 0, ''),
('B00080', 'KM 133 BMP REP', 'J0002', 'G0003', 'P0002', 0, 0, 0, 0, 0, 0, 0, 386, 386, 0, 0, 0, 0, 0, 0, 0, 0, 0, 0, 0, 0, 386, 0, 0, 0, 0, 0, 0, 0, 0, 0, 0, 386, 0, 0, 0, 0, 0, 0, 0, 0, 0, 0, 0, 0, ''),
('B00081', 'KM 133 FF', 'J0004', 'G0001', 'P0003', 0, 0, 2780, 0, 0, 2780, 0, 0, 0, 0, 0, 0, 0, 0, 0, 0, 0, 0, 0, 0, 0, 9424, 0, 0, 0, 0, 0, 0, 1493, 0, 0, 0, 9424, 0, 2780, 2780, 0, 0, 0, 136, 0, 0, 0, 507, 0, ''),
('B00082', 'KM 133 FF REP', 'J0004', 'G0003', 'P0003', 0, 0, 0, 0, 0, 0, 0, -185, -185, 0, 0, 0, 0, 0, 0, 0, 0, 0, 0, 0, 0, 0, 0, 0, 0, 0, 0, 0, 0, 0, 0, 0, 0, 0, 0, 0, 0, 0, 0, 0, 0, 0, 0, 0, 0, ''),
('B00083', 'KM 133 FFNC', 'J0005', 'G0001', 'P0004', 0, 0, 0, 0, 0, 0, 0, 9191, 9191, 0, 0, 0, 0, 0, 0, 0, 0, 0, 0, 0, 0, 0, 0, 0, 0, 0, 0, 0, 0, 0, 0, 0, 0, 0, 0, 0, 0, 0, 0, 0, 0, 0, 0, 0, 0, ''),
('B00084', 'KM 143 BM', 'J0001', 'G0001', 'P0001', 0, 0, 0, 0, 0, 0, 0, 666, 666, 0, 0, 0, 0, 0, 0, 0, 0, 0, 0, 0, 0, 0, 0, 0, 0, 0, 0, 0, 0, 0, 0, 0, 0, 0, 0, 0, 0, 0, 0, 0, 0, 0, 0, 0, 0, ''),
('B00085', 'KM 143 FF', 'J0004', 'G0001', 'P0003', 0, 0, 5865, 0, 0, 5865, 0, 318, 318, 0, 0, 0, 0, 0, 0, 0, 0, 0, 0, 0, 0, -5206, 0, 0, 0, 0, 0, 0, -849, 0, 0, -9696, -5524, 318, 5865, 5865, 0, 948, 425, 0, 0, 425, 0, 1551, 0, ''),
('B00086', 'KM 143 FF REP', 'J0004', 'G0003', 'P0003', 0, 0, 0, 0, 0, 0, 0, -424, -424, 0, 0, 0, 0, 0, 0, 0, 0, 0, 0, 0, 0, 0, 0, 0, 0, 0, 0, -423, 0, 0, 0, -1043, 0, 0, 0, 0, 0, 0, 0, 0, 0, 0, 0, 0, 0, ''),
('B00087', 'KM 165 BM', 'J0001', 'G0001', 'P0001', 0, 0, 0, 0, 0, 0, 0, 0, 0, 0, 0, 0, 0, 0, 0, 0, 0, 0, 0, 0, 0, 0, 0, 0, 0, 0, 0, 0, 1369, 0, 0, -2668, 0, 0, 0, 0, 0, 0, 1164, 0, 0, 403, 403, 6147, 0, ''),
('B00088', 'KM 165 BM REP', 'J0001', 'G0003', 'P0001', 0, 0, 0, 0, 0, 0, 0, 0, 0, 0, 0, 0, 0, 0, 0, 0, 0, 0, 0, 0, 0, 0, 0, 0, 0, 0, 0, 0, 0, 0, 0, 0, 0, 0, 0, 0, 0, 0, 0, 0, 0, 0, 0, 0, 0, ''),
('B00089', 'KM 165 BMP', 'J0002', 'G0001', 'P0002', 0, 0, 0, 0, 0, 0, 0, 0, 0, 0, 0, 0, 0, 0, 0, 0, 0, 0, 0, 0, 0, 0, 0, 0, 0, 0, 0, 0, 0, 0, 0, 2669, 0, 0, 0, 0, 0, 184, 408, 0, 0, 408, 408, 0, 0, ''),
('B00090', 'KM 165 BMP REP', 'J0002', 'G0003', 'P0002', 0, 0, 0, 0, 0, 0, 0, 0, 0, 0, 0, 0, 0, 0, 0, 0, 0, 0, 0, 0, 0, 0, 0, 0, 0, 0, 0, 0, 0, 0, 0, 0, 0, 0, 0, 0, 0, 0, 0, 0, 0, 0, 0, 0, 0, ''),
('B00091', 'KM 169 FF', 'J0004', 'G0001', 'P0003', 0, 0, 0, 0, 0, 0, 0, 162, 162, 0, 0, 0, 0, 0, 0, 0, 0, 0, 0, 0, 0, 0, 0, 0, 0, 0, 0, 0, 0, 0, 0, 0, 0, 0, 0, 0, 0, 0, 0, 0, 0, 0, 0, 0, 0, ''),
('B00092', 'KM 169 FF REP', 'J0004', 'G0003', 'P0003', 0, 0, 0, 0, 0, 0, 0, 9191, 9191, 0, 0, 0, 0, 0, 0, 0, 0, 0, 0, 0, 0, 0, 0, 0, 0, 0, 0, 0, 0, 0, 0, 0, 0, 0, 0, 0, 0, 0, 0, 0, 0, 0, 0, 0, 0, ''),
('B00093', 'KM 169 FFNC', 'J0005', 'G0001', 'P0004', 0, 0, 0, 0, 0, 0, 0, 8497, 8497, 0, 0, 0, 0, 0, 0, 0, 0, 0, 0, 0, 0, 0, 0, 0, 0, 0, 0, 0, 0, 0, 0, 0, 0, 0, 0, 0, 0, 0, 0, 0, 0, 0, 0, 0, 0, ''),
('B00094', 'KM 188 BM', 'J0001', 'G0001', 'P0001', 0, 0, 0, 0, 0, 0, 0, 305, 305, 0, 0, 0, 0, 0, 0, 0, 0, 0, 0, 0, 0, -2293, 0, 0, 0, 0, 0, 0, 0, 0, 0, 0, -2293, 0, 0, 0, 0, 0, 0, 0, 0, 0, 0, 0, 0, ''),
('B00095', 'KM 188 BMP', 'J0002', 'G0001', 'P0002', 0, 0, 26811, 0, 0, 26811, 0, 11794, 11794, 0, 0, 0, 0, 0, 0, 0, 0, 0, 0, 0, 0, 478, 0, 0, 0, 0, 0, 0, 5301, 0, 0, 8, 2867, -2389, 11803, 11793, 0, 2553, 4592, 0, 2013, 1350, 1066, 6225, 0, ''),
('B00096', 'KM 188 BMP REP', 'J0002', 'G0003', 'P0002', 0, 0, 0, 0, 0, 0, 0, -187, -187, 0, 0, 0, 0, 0, 0, 0, 0, 0, 0, 0, 0, -186, 0, 0, 0, 0, 0, -1368, 0, 0, 0, 0, 0, -186, 0, 0, 0, 0, 0, 0, 0, 0, 0, 0, 0, ''),
('B00097', 'KM 188 FF', 'J0004', 'G0001', 'P0003', 0, 0, 0, 0, 0, 0, 0, 0, 0, 0, 0, 0, 0, 0, 0, 0, 0, 0, 0, 0, 0, 0, 0, 0, 0, 0, 0, 0, 0, 0, 0, 0, 0, 0, 0, 0, 0, 0, 0, 0, 0, 0, 0, 0, 0, ''),
('B00098', 'KM 190 BM', 'J0001', 'G0001', 'P0001', 0, 0, 0, 0, 0, 0, 0, 0, 0, 0, 0, 0, 0, 0, 0, 0, 0, 0, 0, 0, 0, 0, 0, 0, 0, 0, 0, 0, 0, 0, 0, 0, 0, 0, 0, 0, 0, 0, 0, 0, 0, 0, 0, 0, 0, ''),
('B00099', 'KM 190 BMP', 'J0002', 'G0001', 'P0002', 0, 0, 0, 0, 0, 0, 0, 0, 0, 0, 0, 0, 0, 0, 0, 0, 0, 0, 0, 0, 0, 0, 0, 0, 0, 0, 0, 0, 0, 0, 0, 0, 0, 0, 0, 0, 0, 0, 0, 0, 0, 0, 0, 0, 0, ''),
('B00100', 'KM 190 FF', 'J0004', 'G0001', 'P0003', 0, 0, 0, 0, 0, 0, 0, 9191, 9191, 0, 0, 0, 0, 0, 0, 0, 0, 0, 0, 0, 0, 0, 0, 0, 0, 0, 0, 0, 0, 0, 0, 0, 0, 0, 0, 0, 0, 0, 0, 0, 0, 0, 0, 0, 0, ''),
('B00101', 'KM 190 FFNC', 'J0005', 'G0001', 'P0004', 0, 0, 0, 0, 0, 0, 0, 9191, 9191, 0, 0, 0, 0, 0, 0, 0, 0, 0, 0, 0, 0, 0, 0, 0, 0, 0, 0, 0, 0, 0, 0, 0, 0, 0, 0, 0, 0, 0, 0, 0, 0, 0, 0, 0, 0, ''),
('B00102', 'KM 193 BMP', 'J0002', 'G0001', 'P0002', 0, 0, 0, 0, 0, 0, 0, 0, 0, 0, 0, 0, 0, 0, 0, 0, 0, 0, 0, 0, 6084, 0, 0, 0, 0, 0, 0, 0, 0, 0, 0, 0, 0, 0, 0, 0, 0, 0, 0, 0, 0, 0, 0, 0, 0, ''),
('B00103', 'KM 198 BM', 'J0001', 'G0001', 'P0001', 0, 0, 0, 0, 0, 0, 0, 0, 0, 0, 0, 0, 0, 0, 0, 0, 0, 0, 0, 0, 0, 0, 0, 0, 0, 0, 0, 0, 0, 0, 0, 0, 0, 0, 0, 0, 0, 0, 0, 0, 0, 0, 0, 0, 0, ''),
('B00104', 'KM 213 BM', 'J0001', 'G0001', 'P0001', 0, 0, 0, 0, 0, 0, 0, 9191, 9191, 0, 0, 0, 0, 0, 0, 0, 0, 0, 0, 0, 0, 0, 0, 0, 0, 0, 0, 0, 0, 0, 0, 0, 0, 0, 0, 0, 0, 0, 0, 0, 0, 0, 0, 0, 0, ''),
('B00105', 'KM 2216 BM', 'J0001', 'G0001', 'P0001', 0, 0, 0, 0, 0, 0, 0, 0, 0, 0, 0, 0, 0, 0, 0, 0, 0, 0, 0, 0, 0, 0, 0, 0, 0, 0, 0, 0, 0, 0, 0, 0, 0, 0, 0, 0, 0, 0, 0, 0, 0, 0, 0, 0, 0, ''),
('B00106', 'KM 2222 BM', 'J0001', 'G0001', 'P0001', 0, 0, 0, 0, 0, 0, 0, 0, 0, 0, 0, 0, 0, 0, 0, 0, 0, 0, 0, 0, 0, 0, 0, 0, 0, 0, 0, 0, 0, 0, 0, 0, 0, 0, 0, 0, 0, 0, 0, 0, 0, 0, 0, 0, 0, ''),
('B00107', 'KM 2236 BM', 'J0001', 'G0001', 'P0001', 0, 0, 408, 0, 0, 408, 0, 0, 0, 0, 0, 0, 0, 0, 0, 0, 0, 0, 0, 0, 0, 0, 0, 0, 0, 0, 0, 0, 0, 0, 0, 0, 0, 0, 408, 408, 0, 0, 0, 0, 0, 0, 0, 0, 0, ''),
('B00108', 'KM 2243 BM', 'J0001', 'G0001', 'P0001', 0, 0, 0, 0, 0, 0, 0, 0, 0, 0, 0, 13353, 0, 0, 0, 0, 0, 0, 0, 0, 0, 33239, 0, 0, 0, 0, 0, 0, 0, 0, 0, -7659, 0, 33239, 0, 0, 32744, 0, 6400, 0, 208, 24540, 773, 0, 0, ''),
('B00109', 'KM 2243 BM-REP', 'J0001', 'G0003', 'P0001', 0, 0, 0, 0, 0, 0, 0, 0, 0, 0, 0, 0, 0, 0, 0, 0, 0, 0, 0, 0, 0, 0, 0, 0, 0, 0, 0, 0, 0, 0, 0, 0, 0, 0, 0, 0, 0, 0, 0, 0, 0, 0, 0, 0, 0, ''),
('B00110', 'KM 2243 FF', 'J0004', 'G0001', 'P0003', 0, 0, 0, 0, 0, 0, 0, 0, 0, 0, 0, 0, 0, 0, 0, 0, 0, 0, 0, 0, 0, 0, 0, 0, 0, 0, 0, 0, 0, 0, 0, 0, 0, 0, 0, 0, 0, 0, 0, 0, 0, 0, 0, 0, 0, ''),
('B00111', 'KM 2255 BM', 'J0001', 'G0001', 'P0001', 0, 0, 0, 0, 0, 0, 0, 0, 0, 0, 0, 0, 0, 0, 0, 0, 0, 0, 0, 0, 0, 0, 0, 0, 0, 0, 0, 0, 0, 0, 0, 0, 0, 0, 0, 0, 0, 0, 0, 371, 0, 0, 0, 0, 0, ''),
('B00112', 'KM 2258 BM', 'J0001', 'G0001', 'P0001', 0, 0, 0, 0, 0, 0, 0, 0, 0, 0, 0, 0, 0, 0, 0, 0, 0, 0, 0, 0, 0, 0, 0, 0, 0, 0, 0, 0, 0, 0, 0, 0, 0, 0, 0, 0, 0, 0, 0, 0, 0, 0, 0, 0, 0, ''),
('B00113', 'KM 2259 BM', 'J0001', 'G0001', 'P0001', 0, 0, 0, 0, 0, 0, 0, 0, 0, 0, 0, 0, 0, 0, 0, 0, 0, 0, 0, 0, 0, 0, 0, 0, 0, 0, 0, 0, 0, 0, 0, 0, 0, 0, 0, 0, 0, 0, 0, 0, 0, 0, 0, 0, 0, ''),
('B00114', 'KM 2267 BM', 'J0001', 'G0001', 'P0001', 0, 0, 0, 0, 0, 0, 0, 0, 0, 0, 0, 0, 0, 0, 0, 0, 0, 0, 0, 0, 0, 0, 0, 0, 0, 0, 0, 0, 0, 0, 0, 0, 0, 0, 0, 0, 0, 0, 0, 0, 0, 0, 0, 0, 0, ''),
('B00115', 'KM 280 BM', 'J0001', 'G0001', 'P0001', 0, 0, 0, 0, 0, 0, 0, 0, 0, 0, 0, 0, 0, 0, 0, 0, 0, 0, 0, 0, 0, 0, 0, 0, 0, 0, 0, 0, 0, 0, 0, 0, 0, 0, 0, 0, 0, 0, 0, 0, 0, 0, 0, 0, 0, ''),
('B00116', 'KM 280 BM REP', 'J0001', 'G0003', 'P0001', 0, 0, 0, 0, 0, 0, 0, 0, 0, 0, 0, 0, 0, 0, 0, 0, 0, 0, 0, 0, 0, 0, 0, 0, 0, 0, 0, 0, 0, 0, 0, 0, 0, 0, 0, 0, 0, 0, 0, 0, 0, 0, 0, 0, 0, ''),
('B00117', 'KM 282 BM', 'J0001', 'G0001', 'P0001', 0, 0, 0, 0, 0, 0, 0, 0, 0, 0, 0, 0, 0, 0, 0, 0, 0, 0, 0, 0, 0, 0, 0, 0, 0, 0, 0, 0, 0, 0, 0, 0, 0, 0, 0, 0, 0, 0, 0, 0, 0, 0, 0, 0, 0, ''),
('B00118', 'KM 282 BM REP', 'J0001', 'G0003', 'P0001', 0, 0, 0, 0, 0, 0, 0, 0, 0, 0, 0, 0, 0, 0, 0, 0, 0, 0, 0, 0, 0, 0, 0, 0, 0, 0, 0, 0, 0, 0, 0, 0, 0, 0, 0, 0, 0, 0, 0, 0, 0, 0, 0, 0, 0, ''),
('B00119', 'KM 282 BM/SP', 'J0001', 'G0001', 'P0001', 0, 0, 0, 0, 0, 0, 0, 210, 210, 0, 0, 0, 0, 0, 0, 0, 0, 0, 0, 0, 0, 0, 0, 0, 0, 0, 0, 0, 0, 0, 0, 0, 0, 0, 0, 0, 0, 0, 0, 0, 0, 0, 0, 0, 0, ''),
('B00120', 'KM 290 BM', 'J0001', 'G0001', 'P0001', 0, 0, 0, 0, 0, 0, 0, 526, 526, 0, 0, 0, 0, 0, 0, 0, 0, 0, 0, 0, 0, 0, 0, 0, 0, 0, 0, 0, 0, 0, 0, 0, 0, 0, 0, 0, 0, 0, 0, 0, 0, 0, 0, 0, 0, ''),
('B00121', 'KM 290 FF', 'J0004', 'G0001', 'P0003', 0, 0, 0, 0, 0, 0, 0, 0, 0, 0, 0, 0, 0, 0, 0, 0, 0, 0, 0, 0, 0, 0, 0, 0, 0, 0, 0, 0, 0, 0, 0, 0, 0, 0, 0, 0, 0, 0, 0, 0, 0, 0, 0, 0, 0, ''),
('B00122', 'KM 30 CD BM', 'J0001', 'G0001', 'P0001', 0, 0, 0, 0, 0, 0, 0, 136, 136, 0, 0, 0, 0, 0, 0, 0, 0, 0, 0, 0, 0, 0, 0, 0, 0, 0, 0, 0, 0, 0, 0, 0, 0, 0, 0, 0, 0, 0, 0, 0, 0, 0, 0, 0, 0, ''),
('B00123', 'KM 303 BMP', 'J0002', 'G0001', 'P0002', 0, 0, 0, 0, 0, 0, 0, 100, 100, 0, 0, 0, 0, 0, 0, 0, 0, 0, 0, 0, 0, 0, 0, 0, 0, 0, 0, 0, 0, 0, 0, 0, 0, 0, 0, 0, 0, 0, 0, 0, 0, 0, 0, 0, 0, ''),
('B00124', 'KM 303 FF', 'J0004', 'G0001', 'P0003', 0, 0, 15769, 7953, 0, 15769, 0, 16670, 16670, 0, 0, 0, 0, 0, 0, 0, 0, 0, 0, 0, 0, -740, 0, 0, 0, 0, 0, 0, 0, 0, 0, 0, -900, 159, 0, 16669, 0, 463, 0, 1091, 17020, 0, 0, 0, 0, ''),
('B00125', 'KM 303 FF REP', 'J0004', 'G0003', 'P0003', 0, 0, 0, 0, 0, 0, 0, 112, 112, 0, 0, 0, 0, 0, 0, 0, 0, 0, 0, 0, 0, 0, 0, 0, 0, 0, 0, 0, 0, 0, 0, 0, 0, 0, 0, 0, 0, 0, 0, 0, 0, 0, 0, 0, 0, ''),
('B00126', 'KM 303 FF RHL REP', 'J0004', 'G0003', 'P0003', 0, 0, 0, 0, 0, 0, 0, -11922, -11922, 0, 0, 0, 0, 0, 0, 0, 0, 0, 0, 0, 0, 0, 0, 0, 0, 0, 0, 0, 0, 0, 0, 0, 0, 0, 0, 0, 0, 0, 0, 0, 0, 0, 0, 0, 0, ''),
('B00127', 'KM 303 PERC', 'PERC', 'G0001', 'KMPERC', 0, 0, 0, 0, 0, 0, 0, 0, 0, 0, 0, 0, 0, 0, 0, 0, 0, 0, 0, 0, 0, 872, 0, 0, 0, 0, 0, 0, 0, 0, 0, 0, 872, 0, 0, 0, 0, 0, 0, 0, 0, 0, 0, 0, 0, ''),
('B00128', 'KM 309 BM', 'J0001', 'G0001', 'P0001', 0, 0, 0, 0, 0, 0, 0, 14535, 14535, 0, 0, 0, 0, 0, 0, 0, 0, 0, 0, 0, 0, 1337, 0, 0, 0, 0, 0, 0, 0, 0, 0, 0, 1337, 0, 0, 0, 0, 490, 0, 0, 0, 0, 0, 0, 0, ''),
('B00129', 'KM 309 BM REP', 'J0001', 'G0003', 'P0001', 0, 0, 0, 0, 0, 0, 0, 0, 0, 0, 0, 0, 0, 0, 0, 0, 0, 0, 0, 0, 0, 0, 0, 0, 0, 0, 0, 0, 0, 0, 0, 0, 0, 0, 0, 0, 0, 0, 0, 0, 0, 0, 0, 0, 0, ''),
('B00130', 'KM 309 BMP', 'J0002', 'G0001', 'P0002', 0, 0, 132272, 30532, 0, 132272, 0, 23904, 23904, 92143, 94432, 137426, 143183, 65419, 0, 0, 14626, 0, 0, 3672, 0, 45605, 0, 0, 0, 0, 0, -3, 54634, 0, 0, 2117, 60380, -14774, 56058, 23903, 30878, 12271, 15963, 2290, 30595, 10398, 30100, 25009, 0, ''),
('B00131', 'KM 309 BMP REP', 'J0002', 'G0003', 'P0002', 0, 0, 0, 0, 0, 0, 0, -89, -89, 0, 0, 0, 0, 0, 0, 0, 0, 0, 0, 0, 0, -88, 0, 0, 0, 0, 0, -1586, -3582, 0, 0, -9590, 0, -88, 0, 0, 0, 0, 0, 0, 0, 0, 0, 0, 0, ''),
('B00132', 'KM 309 BMP-SWB', 'J0003', 'G0001', 'P0002', 0, 0, 0, 0, 0, 0, 0, 3290, 3290, 0, 0, 0, 0, 0, 0, 0, 0, 0, 0, 0, 0, 0, 0, 0, 0, 0, 0, 0, 0, 0, 0, 0, 0, 0, 0, 0, 0, 0, 0, 0, 0, 0, 0, 0, 0, ''),
('B00133', 'KM 309 BMP-SWB REP', 'J0003', 'G0003', 'P0002', 0, 0, 0, 0, 0, 0, 0, 9191, 9191, 0, 0, 0, 0, 0, 0, 0, 0, 0, 0, 0, 0, 0, 0, 0, 0, 0, 0, 0, 0, 0, 0, 0, 0, 0, 0, 0, 0, 0, 0, 0, 0, 0, 0, 0, 0, ''),
('B00134', 'KM 309 BMS-REP', 'BMS', 'G0003', 'KMBMS', 0, 0, 0, 0, 0, 0, 0, 0, 0, 0, 0, 0, 0, 0, 0, 0, 0, 0, 0, 0, 0, 0, 0, 0, 0, 0, 0, 0, 0, 0, 0, 0, 0, 0, 0, 0, 0, 0, 0, 0, 0, 0, 0, 0, 0, ''),
('B00135', 'KM 309 FF', 'J0004', 'G0001', 'P0003', 0, 0, 0, 0, 0, 0, 0, -48, -48, 0, 0, 0, 0, 0, 0, 0, 0, 0, 0, 0, 0, 0, 0, 0, 0, 0, 0, 0, 0, 0, 0, 0, 0, 0, 0, 0, 0, 0, 0, 0, 0, 0, 0, 0, 0, ''),
('B00136', 'KM 309 FF REP', 'J0004', 'G0003', 'P0003', 0, 0, 0, 0, 0, 0, 0, -1344, -1344, 0, 0, 0, 0, 0, 0, 0, 0, 0, 0, 0, 0, 0, 0, 0, 0, 0, 0, 0, 0, 0, 0, 0, 0, 0, 0, 0, 0, 0, 0, 0, 0, 0, 0, 0, 0, ''),
('B00137', 'KM 309-2 SWB BM', 'J0001', 'G0001', 'P0001', 0, 0, 0, 0, 0, 0, 0, 440, 440, 0, 0, 0, 0, 0, 0, 0, 0, 0, 0, 0, 0, 0, 0, 0, 0, 0, 0, 0, 0, 0, 0, 0, 0, 0, 0, 0, 0, 0, 0, 0, 0, 0, 0, 0, 0, ''),
('B00138', 'KM 318 BM REP', 'J0001', 'G0003', 'P0001', 0, 0, 0, 0, 0, 0, 0, 0, 0, 0, 0, 0, 0, 0, 0, 0, 0, 0, 0, 0, 0, 0, 0, 0, 0, 0, 0, 0, 0, 0, 0, 0, 0, 0, 0, 0, 0, 0, 0, 0, 0, 0, 0, 0, 0, ''),
('B00139', 'KM 324 BMP', 'J0002', 'G0001', 'P0002', 0, 0, 13469, 0, 0, 13469, 0, 14074, 14074, 0, 0, 0, 0, 0, 0, 0, 0, 0, 0, 0, 0, 4911, 0, 0, 0, 0, 0, 0, 9413, 0, 0, 5786, 4892, 19, 14266, 14074, 0, 1526, 4131, 0, 277, 6207, 2780, 29165, 0, ''),
('B00140', 'KM 324 BMP REP', 'J0002', 'G0003', 'P0002', 0, 0, -608, 0, 0, -608, 0, -608, -608, 0, 0, 0, 0, 0, 0, 0, 0, 0, 0, 0, 0, -1740, 0, 0, 0, 0, 0, 0, -14774, 0, 0, -8522, 0, -1740, 0, -608, 0, 0, 0, 0, 0, 0, 0, 0, 0, ''),
('B00141', 'KM 329 BMP', 'J0002', 'G0001', 'P0002', 0, 0, 0, 0, 0, 0, 0, 0, 0, 0, 0, 0, 0, 0, 0, 0, 0, 0, 0, 0, 0, 0, 0, 0, 0, 0, 0, 0, 0, 0, 0, 0, 0, 0, 0, 0, 0, 0, 0, 0, 0, 0, 0, 0, 0, ''),
('B00142', 'Km 329 BMP REP', 'J0002', 'G0003', 'P0002', 0, 0, 0, 0, 0, 0, 0, -3988, -3988, 0, 0, 0, 0, 0, 0, 0, 0, 0, 0, 0, 0, 0, 0, 0, 0, 0, 0, 0, 0, 0, 0, 0, 0, 0, 0, 0, 0, 0, 0, 0, 0, 0, 0, 0, 0, ''),
('B00143', 'KM 340 BMP', 'J0002', 'G0001', 'P0002', 0, 0, 0, 0, 0, 0, 0, 0, 0, 0, 0, 0, 0, 0, 0, 0, 0, 0, 0, 0, 0, 0, 0, 0, 0, 0, 0, 0, 0, 0, 0, 0, 0, 0, 0, 0, 0, 182, 0, 0, 0, 0, 0, 0, 0, ''),
('B00144', 'KM 346 FF', 'J0004', 'G0001', 'P0003', 0, 0, 7452, 0, 0, 7452, 0, 0, 0, 0, 0, 0, 0, 0, 0, 0, 0, 0, 0, 0, 0, 0, 0, 0, 0, 0, 0, 0, -1871, 0, 0, 0, 0, 0, 7452, 7452, 2053, 2390, 0, 0, 0, 0, 0, 380, 0, ''),
('B00145', 'KM 346 FF-REP', 'J0004', 'G0003', 'P0003', 0, 0, 0, 0, 0, 0, 0, 0, 0, 0, 0, 0, 0, 0, 0, 0, 0, 0, 0, 0, 0, 0, 0, 0, 0, 0, 0, 0, 0, 0, 0, 0, 0, 0, 0, 0, 0, 0, 0, 0, 0, 0, 0, 0, 0, ''),
('B00146', 'KM 350 BMP', 'J0002', 'G0001', 'P0002', 0, 0, 0, 0, 0, 0, 0, 0, 0, 0, 0, 0, 0, 0, 0, 0, 0, 0, 0, 0, 0, 0, 0, 0, 0, 0, 0, 0, 0, 0, 0, 0, 0, 0, 0, 0, 205, 0, 0, 1351, 233, 0, 0, 0, 0, ''),
('B00147', 'KM 350 BMP-REP', 'J0002', 'G0003', 'P0002', 0, 0, 0, 0, 0, 0, 0, 0, 0, 0, 0, 0, 0, 0, 0, 0, 0, 0, 0, 0, 0, 0, 0, 0, 0, 0, 0, 0, 0, 0, 0, 0, 0, 0, 0, 0, 0, 0, 0, 0, 0, 0, 0, 0, 0, ''),
('B00148', 'KM 352 BMP', 'J0002', 'G0001', 'P0002', 0, 0, 0, 0, 0, 0, 0, 0, 0, 0, 0, 0, 0, 0, 0, 0, 0, 0, 0, 0, 0, 0, 0, 0, 0, 0, 0, 0, 0, 0, 0, 0, 0, 0, 0, 0, 0, 0, 0, 0, 0, 0, 0, 0, 0, ''),
('B00149', 'KM 356 BMP', 'J0002', 'G0001', 'P0002', 0, 0, 0, 0, 0, 0, 0, 0, 0, 0, 0, 0, 0, 0, 0, 0, 0, 0, 0, 0, 0, 0, 0, 0, 0, 0, 0, 0, 0, 0, 0, 0, 0, 0, 0, 0, 0, 0, 0, 0, 0, 0, 0, 0, 0, ''),
('B00150', 'KM 357 BMP', 'J0002', 'G0001', 'P0002', 0, 0, 0, 0, 0, 0, 0, 0, 0, 0, 0, 0, 0, 6783, 6783, 6783, 0, 0, 0, 0, 0, 0, 0, 0, 0, 0, 0, 0, 0, 0, 0, 0, 0, 0, 0, 0, 0, 0, 0, 0, 0, 0, 0, 0, 0, ''),
('B00151', 'KM 660 FFNC', 'J0005', 'G0001', 'P0004', 0, 0, 0, 0, 0, 0, 0, 0, 0, 0, 0, 0, 0, 0, 0, 0, 0, 0, 0, 0, 0, 0, 0, 0, 0, 0, 0, 0, 0, 0, 0, 0, 0, 0, 0, 0, 0, 0, 0, 0, 0, 0, 0, 0, 0, ''),
('B00152', 'KM 6612 FFNC', 'J0005', 'G0001', 'P0004', 0, 0, 0, 0, 0, 0, 0, 0, 0, 0, 0, 0, 0, 0, 0, 0, 0, 0, 0, 0, 0, 0, 0, 0, 0, 0, 0, 0, 0, 0, 0, 0, 0, 0, 0, 0, 0, 0, 0, 0, 0, 0, 0, 0, 0, ''),
('B00153', 'KM 6614 FFNC', 'J0005', 'G0001', 'P0004', 0, 0, 0, 0, 0, 0, 0, 0, 0, 0, 0, 0, 0, 0, 0, 0, 0, 0, 0, 0, 0, 0, 0, 0, 0, 0, 0, 0, 0, 0, 0, 0, 0, 0, 0, 0, 0, 0, 0, 0, 0, 0, 0, 0, 0, ''),
('B00154', 'KM 6615 FFNC', 'J0005', 'G0001', 'P0004', 0, 0, 0, 0, 0, 0, 0, 0, 0, 0, 0, 0, 0, 0, 0, 0, 0, 0, 0, 0, 0, 0, 0, 0, 0, 0, 0, 0, 0, 0, 0, 0, 0, 0, 0, 0, 4085, 0, 0, 0, 0, 0, 0, 0, 0, ''),
('B00155', 'KM 6615 FFNC-REP', 'J0005', 'G0003', 'P0004', 0, 0, 0, 0, 0, 0, 0, 0, 0, 0, 0, 0, 0, 0, 0, 0, 0, 0, 0, 0, 0, 0, 0, 0, 0, 0, 0, 0, 0, 0, 0, 0, 0, 0, 0, 0, 0, 0, 0, 0, 0, 0, 0, 0, 0, ''),
('B00156', 'KM 6620 FFNC', 'J0005', 'G0001', 'P0004', 0, 0, 0, 0, 0, 0, 0, 0, 0, 0, 0, 0, 0, 0, 0, 0, 0, 0, 0, 0, 0, 0, 0, 0, 0, 0, 0, 0, 0, 0, 0, 0, 0, 0, 0, 0, 0, 0, 0, 0, 0, 0, 0, 0, 0, ''),
('B00157', 'KM 6621 FFNC', 'J0005', 'G0001', 'P0004', 0, 0, 0, 0, 0, 0, 0, 0, 0, 0, 0, 0, 0, 0, 0, 0, 0, 0, 0, 0, 0, 0, 0, 0, 0, 0, 0, 0, 0, 0, 0, 0, 0, 0, 0, 0, 0, 0, 0, 0, 0, 0, 0, 0, 0, ''),
('B00158', 'KM 6623 FFNC', 'J0005', 'G0001', 'P0004', 0, 0, 0, 0, 0, 0, 0, 0, 0, 0, 0, 0, 0, 0, 0, 0, 0, 0, 0, 0, 0, 0, 0, 0, 0, 0, 0, 0, 0, 0, 0, 0, 0, 0, 0, 0, 0, 0, 0, 0, 0, 0, 0, 0, 0, ''),
('B00159', 'KM 6623 FFNC-REP', 'J0005', 'G0003', 'P0004', 0, 0, 0, 0, 0, 0, 0, 0, 0, 0, 0, 0, 0, 0, 0, 0, 0, 0, 0, 0, 0, 0, 0, 0, 0, 0, 0, 0, 0, 0, 0, 0, 0, 0, 0, 0, 0, 0, 0, 0, 0, 0, 0, 0, 0, ''),
('B00160', 'KM 6629 FFNC', 'J0005', 'G0001', 'P0004', 0, 0, 0, 0, 0, 0, 0, 0, 0, 0, 0, 0, 0, 0, 0, 0, 0, 0, 0, 0, 0, 0, 0, 0, 0, 0, 0, 0, 0, 0, 0, 0, 0, 0, 0, 0, 0, 0, 0, 0, 0, 0, 0, 0, 0, ''),
('B00161', 'KM 6630 FFNC', 'J0005', 'G0001', 'P0004', 0, 0, 0, 0, 0, 0, 0, 0, 0, 0, 0, 0, 0, 0, 0, 0, 0, 0, 0, 0, 0, 0, 0, 0, 0, 0, 0, 0, 0, 0, 0, 0, 0, 0, 0, 0, 0, 0, 0, 0, 0, 0, 0, 0, 0, ''),
('B00162', 'Km 664 FFNC', 'J0005', 'G0001', 'P0007', 0, 0, 0, 0, 0, 0, 0, 470, 470, 0, 0, 0, 0, 0, 0, 0, 0, 0, 0, 0, 0, 0, 0, 0, 0, 0, 0, 0, 0, 0, 0, 0, 0, 0, 0, 0, 0, 0, 0, 0, 0, 302, 0, 0, 0, ''),
('B00163', 'Km 669 FFNC', 'J0005', 'G0001', 'P0004', 0, 0, 0, 0, 0, 0, 0, 9315, 9315, 0, 0, 0, 0, 0, 0, 0, 0, 0, 0, 0, 0, 0, 0, 0, 0, 0, 0, 0, 0, 0, 0, 0, 0, 0, 0, 0, 1828, 0, 0, 0, 0, 0, 0, 0, 0, ''),
('B00164', 'Km 670 FFNC', 'J0005', 'G0001', 'P0004', 0, 0, 0, 0, 0, 0, 0, 0, 0, 0, 0, 0, 0, 0, 0, 0, 0, 0, 0, 0, 0, 0, 0, 0, 0, 0, 0, 0, 0, 0, 0, 0, 0, 0, 0, 0, 3974, 0, 0, 0, 0, 0, 0, 0, 0, ''),
('B00165', 'KM 672 FFNC', 'J0005', 'G0001', 'P0004', 0, 0, 0, 0, 0, 0, 0, 1220, 1220, 0, 0, 0, 0, 0, 0, 0, 0, 0, 0, 0, 0, 0, 0, 0, 0, 0, 0, 0, 0, 0, 0, -194, 0, 0, 0, 0, 0, 0, 0, 0, 0, 0, 0, 544, 0, ''),
('B00166', 'KM 694 FFNC', 'J0005', 'G0001', 'P0004', 0, 0, 291, 0, 0, 291, 0, 292, 292, 0, 0, 0, 0, 0, 0, 0, 0, 0, 0, 0, 0, 229, 0, 0, 0, 0, 0, 0, 0, 0, 0, 0, 0, 229, 0, 291, 0, 0, 0, 0, 0, 0, 302, 0, 0, ''),
('B00167', 'KM 694 FFNC-REP', 'J0005', 'G0003', 'P0004', 0, 0, 0, 0, 0, 0, 0, 0, 0, 0, 0, 0, 0, 0, 0, 0, 0, 0, 0, 0, 0, 0, 0, 0, 0, 0, 0, 0, 0, 0, 0, 0, 0, 0, 0, 0, 0, 0, 0, 0, 0, 0, 0, 0, 0, ''),
('B00168', 'KM 991153 BMP', 'J0002', 'G0001', 'P0002', 0, 0, 9780, 7370, 0, 9780, 0, 4014, 4014, 15200, 11377, 8940, 8940, 12830, 17190, 12685, 0, 0, 0, 0, 13160, 10440, 0, 0, 0, 0, 0, 0, -27, 0, 0, 0, 12494, -2053, 5165, 4013, 4446, 4981, 1688, 1998, 1342, 0, 1884, 224, 0, ''),
('B00169', 'KM 991153 BMP REP', 'J0002', 'G0003', 'P0002', 0, 0, 0, 0, 0, 0, 0, -13044, -13044, 0, 0, 0, 0, 0, 0, 0, 0, 0, 0, 0, 0, 0, 0, 0, 0, 0, 0, 0, 0, 0, 0, 0, 0, 0, 0, 0, 0, 0, 0, 0, 0, 0, 0, 0, 0, ''),
('B00170', 'Km BHMD REP', 'J0001', 'G0003', 'P0001', 0, 0, 0, 0, 0, 0, 0, 0, 0, 0, 0, 0, 0, 0, 0, 0, 0, 0, 0, 0, 0, 0, 0, 0, 0, 0, 0, 0, 0, 0, 0, 0, 0, 0, 0, 0, 0, 0, 0, 0, 0, 0, 0, 0, 0, ''),
('B00171', 'km C BMP', 'J0002', 'G0001', 'P0002', 0, 0, 0, 0, 0, 0, 0, 266, 266, 0, 0, 0, 0, 0, 0, 0, 0, 0, 0, 0, 0, 0, 0, 0, 0, 0, 0, 0, 0, 0, 0, 0, 0, 0, 0, 0, 0, 0, 0, 0, 0, 0, 0, 0, 0, ''),
('B00172', 'Km D BMP', 'J0002', 'G0001', 'P0002', 0, 0, 0, 0, 0, 0, 0, 156, 156, 0, 0, 0, 0, 0, 0, 0, 0, 0, 0, 0, 0, 0, 0, 0, 0, 0, 0, 0, 0, 0, 0, 0, 0, 0, 0, 0, 0, 0, 0, 0, 0, 0, 0, 0, 0, ''),
('B00173', 'PC 125 BMP', 'J0002', 'G0001', 'P0002', 0, 0, 0, 0, 0, 0, 0, -22, -22, 0, 0, 0, 0, 0, 0, 0, 0, 0, 0, 0, 0, -22, 0, 0, 0, 0, 0, 0, 0, 0, 0, 0, -22, 0, 0, 0, 0, 0, 0, 0, 0, 0, 0, 0, 0, ''),
('B00174', 'Prima BM', 'J0001', 'G0002', 'P0005', 0, 0, -35126, 0, 0, -35126, 0, -38937, -38937, 0, 32939, 51669, 0, 0, 0, 0, 36854, 9807, 0, 0, 0, 26426, 0, 0, 0, 0, 0, 0, 136125, 0, 565, 9112, 26426, 0, 0, -38937, 23777, 2582, 0, 0, 5193, 3585, 535, 0, 0, ''),
('B00175', 'Prima BM Sritex', 'J0001', 'G0002', 'P0005', 0, 0, 0, 0, 0, 0, 0, 0, 0, 0, 0, 0, 0, 0, 0, 0, 0, 0, 0, 0, 0, 0, 0, 0, 0, 0, 0, 0, 0, 0, 0, 0, 0, 0, 0, 0, 0, 0, 0, 0, 0, 0, 0, 0, 0, ''),
('B00176', 'Prima BMP', 'J0002', 'G0002', 'P0006', 0, 0, -6787, 0, 0, -6787, 0, 3176, 3176, 0, 0, 0, 0, 0, 0, 0, 0, 0, 0, 18297, 0, 1484, 0, 0, 0, 0, 0, -410, -3770, 10853, 0, 1624, -6084, 7569, 3176, 3176, 2204, 0, 3752, 0, 0, 0, 0, 919, 0, ''),
('B00177', 'Prima BM-REP', 'J0001', 'G0003', 'P0005', 0, 0, 0, 0, 0, 0, 0, -41536, -41536, 0, 0, 0, 0, 0, 0, 0, 0, 0, 0, 0, 0, 0, 0, 0, 0, 0, 0, 0, 0, 0, 0, 0, 0, 0, 0, 0, 0, 0, 0, 0, 0, 0, 0, 0, 0, ''),
('B00178', 'Prima FF', 'J0004', 'G0002', 'P0007', 0, 0, 17753, 0, 0, 17753, 0, 11557, 11557, 76552, 0, 0, 0, 0, 0, 0, 0, 0, 0, 0, 4728, 15896, 918, 0, 0, 0, 0, 7911, 74613, 18271, 3691, -177, 12108, 3787, 10565, 11557, 2485, 2426, 589, 0, 0, 0, 0, 129, 0, ''),
('B00179', 'Prima FFNC', 'J0005', 'G0002', 'P0008', 0, 0, 0, 0, 0, 0, 0, 0, 0, 0, 0, 0, 0, 0, 0, 0, 0, 0, 0, 0, 0, 0, 0, 0, 0, 0, 0, 0, 0, 0, 0, 0, 0, 0, 0, 0, 0, 0, 0, 0, 0, 0, 0, 0, 0, ''),
('B00180', 'Primiss BM', 'J0001', 'G0002', 'P0005', 0, 0, -2461, 0, 0, -2461, 0, 6581, 6581, 0, 0, 0, 0, 0, 0, 0, 0, 0, 0, 0, 0, 0, 2461, 0, 0, 0, 0, 0, -17968, 0, 0, 0, 0, 0, 9041, 6580, 0, 0, 0, 0, 0, 0, 0, 0, 0, ''),
('B00181', 'Primiss BM REP', 'J0001', 'G0003', 'P0005', 0, 0, 0, 0, 0, 0, 0, 0, 0, 0, 0, 0, 0, 0, 0, 0, 0, 0, 0, 0, 0, 0, 0, 0, 0, 0, 0, 0, 0, 0, 0, 0, 0, 0, 0, 0, 0, 0, 0, 0, 0, 0, 0, 0, 0, ''),
('B00182', 'Primiss BMP', 'J0002', 'G0002', 'P0006', 0, 0, 0, 0, 0, 0, 0, -1102, -1102, 0, 0, 0, 0, 0, 0, 0, 0, 0, 0, 0, 0, 0, 0, 0, 0, 0, 0, 0, 0, 8059, 1205, 0, 0, 0, 0, 0, 0, 0, 0, 0, 0, 3246, 515, 0, 0, ''),
('B00183', 'Primiss FF', 'J0004', 'G0002', 'P0007', 0, 0, 0, 0, 0, 0, 0, 0, 0, 0, 0, 0, 0, 0, 0, 0, 0, 0, 0, 0, 0, 0, 0, 0, 0, 0, 0, 0, 0, 0, 0, 0, 0, 0, 0, 0, 0, 0, 0, 0, 0, 0, 0, 0, 0, ''),
('B00184', 'Primiss FFNC', 'J0005', 'G0002', 'P0008', 0, 0, 0, 0, 0, 0, 0, 0, 0, 0, 0, 0, 0, 0, 0, 0, 0, 0, 0, 0, 0, 0, 0, 0, 0, 0, 0, 0, 0, 0, 0, 0, 0, 0, 0, 0, 0, 0, 0, 0, 0, 0, 0, 0, 0, ''),
('B00185', 'Primiss sanfor', 'J0006', 'G0002', 'P0009', 0, 0, 0, 0, 0, 0, 0, 0, 0, 0, 0, 0, 0, 0, 0, 0, 0, 0, 0, 0, 0, 0, 0, 0, 0, 0, 0, 0, 0, 0, 0, 0, 0, 0, 0, 0, 0, 0, 0, 0, 0, 0, 0, 0, 0, ''),
('B00186', 'Rayon FFCK', 'FFCK', 'G0002', 'WOFFCK', 0, 0, 0, 0, 0, 0, 0, 0, 0, 0, 0, 0, 0, 0, 0, 0, 0, 0, 0, 0, 0, 0, 0, 0, 0, 0, 0, 0, 0, 0, 0, 0, 0, 0, 0, 0, 0, 0, 0, 0, 0, 0, 0, 0, 0, NULL),
('B00187', 'Rayon FFNC', 'J0005', 'G0002', 'P0008', 0, 0, -3764, 99338, 0, -3764, 0, -3765, -3765, 0, 0, 11144, 0, 0, 0, 0, 49223, 0, 0, 0, 0, -17256, 4728, 0, 0, 0, 0, 0, 0, 0, 526, 0, 0, -17256, 0, -3764, 1183, 0, 0, 0, 948, 0, 0, 0, 0, ''),
('B00188', 'RSL 133 BMP', 'J0002', 'G0001', 'P0002', 0, 0, 0, 0, 0, 0, 0, 0, 0, 0, 0, 0, 0, 0, 0, 0, 0, 0, 0, 0, 0, 0, 0, 0, 0, 0, 0, 0, 0, 0, 0, 0, 0, 0, 0, 0, 0, 0, 0, 0, 0, 0, 0, 0, 0, ''),
('B00189', 'TX FF', 'J0004', 'G0002', 'P0007', 0, 0, 0, 0, 0, 0, 0, 0, 0, 0, 0, 0, 0, 0, 0, 0, 0, 0, 0, 0, 0, 0, 0, 0, 0, 0, 0, 0, 0, 0, 0, 0, 0, 0, 0, 0, 0, 0, 0, 0, 0, 0, 0, 0, 0, ''),
('B00190', 'VISCOSE I', 'J0005', 'G0001', 'P0004', 0, 0, 0, 0, 0, 0, 0, 0, 0, 0, 0, 0, 0, 0, 0, 0, 0, 0, 0, 0, 0, 0, 0, 0, 0, 0, 0, 0, 0, 0, 0, 0, 0, 0, 0, 0, 0, 0, 0, 0, 0, 0, 0, 0, 0, ''),
('B00191', 'VISCOSE SUPER', 'J0005', 'G0001', 'P0004', 0, 0, 0, 0, 0, 0, 0, 0, 0, 0, 0, 0, 0, 0, 0, 0, 0, 0, 0, 0, 0, 0, 0, 0, 0, 0, 0, 0, 0, 0, 0, 0, 0, 0, 0, 0, 0, 0, 0, 0, 0, 0, 0, 0, 0, ''),
('B00192', 'Voalissima BMP', 'J0002', 'G0002', 'P0007', 0, 0, 0, 0, 0, 0, 0, -2705, -2705, 0, 0, 0, 0, 0, 0, 0, 0, 0, 0, 0, 0, 0, 0, 0, 0, 0, 0, 0, 0, 0, 0, 0, 0, 0, 0, 0, 0, 0, 0, 0, 0, 0, 0, 0, 0, ''),
('B00193', 'WJ 1155 BMP', 'J0002', 'G0001', 'P0002', 0, 0, 0, 0, 0, 0, 0, -68, -68, 0, 0, 0, 0, 0, 0, 0, 0, 0, 0, 0, 0, 0, 0, 0, 0, 0, 0, 0, 0, 0, 0, 0, 0, 0, 0, 0, 0, 0, 0, 0, 0, 0, 0, 0, 0, ''),
('B00194', 'WJ 664 FFNC', 'J0005', 'G0001', 'P0004', 0, 0, 0, 0, 0, 0, 0, 400, 400, 0, 0, 0, 0, 0, 0, 0, 0, 0, 0, 0, 0, 399, 0, 0, 0, 0, 0, 0, 0, 0, 0, 0, 0, 399, 0, 0, 0, 0, 762, 0, 0, 762, 411, 205, 0, ''),
('B00195', 'WJ 664 FFNC-REP', 'J0005', 'G0003', 'P0004', 0, 0, 0, 0, 0, 0, 0, -14549, -14549, 0, 0, 0, 0, 0, 0, 0, 0, 0, 0, 0, 0, 0, 0, 0, 0, 0, 0, -14549, 0, 0, 0, 0, 0, 0, 0, 0, 0, 0, 0, 0, 0, 0, 0, 0, 0, ''),
('B00196', 'WJ 669 FFNC', 'J0005', 'G0001', 'P0004', 0, 0, 38940, 8345, 0, 38940, 0, -370, -370, 0, 0, 0, 0, 0, 0, 0, 0, 0, 0, 0, 0, 10621, 0, 0, 0, 0, 0, 0, 0, 0, 0, 0, 5301, 5320, 0, -370, 0, 982, 1240, 637, 1257, 715, 0, 206, 0, ''),
('B00197', 'WJ 669 FFNC-REP', 'J0005', 'G0003', 'P0004', 0, 0, 0, 0, 0, 0, 0, -61, -61, 0, 0, 0, 0, 0, 0, 0, 0, 0, 0, 0, 0, 0, 0, 0, 0, 0, 0, 0, -61, 0, 0, 0, 0, 0, 0, 0, 0, 0, 0, 0, 0, 0, 0, 0, 0, ''),
('B00198', 'WJ 670 BM', 'J0001', 'G0001', 'P0001', 0, 0, 0, 0, 0, 0, 0, 541, 541, 0, 0, 0, 0, 0, 0, 0, 0, 0, 0, 0, 0, 0, 0, 0, 0, 0, 0, 0, 0, 0, 0, 0, 0, 0, 0, 0, 0, 0, 0, 0, 0, 0, 0, 0, 0, ''),
('B00199', 'WJ 670 FFNC', 'J0005', 'G0001', 'P0004', 0, 0, 41410, 0, 0, 41410, 0, 1614, 1614, 0, 0, 0, 0, 0, 0, 0, 0, 0, 0, 0, 0, 6789, 0, 0, 0, 0, 0, 0, -2132, 0, 0, 0, 6651, 138, 1614, 1614, 0, 395, 1014, 0, 886, 727, 0, 1671, 0, ''),
('B00200', 'WJ 670 FFNC-REP', 'J0005', 'G0003', 'P0004', 0, 0, 0, 0, 0, 0, 0, -6007, -6007, 0, 0, 0, 0, 0, 0, 0, 0, 0, 0, 0, 0, 0, 0, 0, 0, 0, 0, 0, -6007, 0, 0, 0, 0, 0, 0, 0, 0, 0, 0, 0, 0, 0, 0, 0, 0, ''),
('B00201', 'WJ 671 FFNC', 'J0005', 'G0001', 'P0004', 0, 0, 0, 0, 0, 0, 0, 694, 694, 0, 0, 0, 0, 0, 0, 0, 0, 0, 0, 0, 0, 0, 0, 0, 0, 0, 0, 0, 0, 0, 0, 0, 0, 0, 0, 0, 0, 107, 0, 0, 0, 0, 0, 0, 0, ''),
('B00202', 'WJ 672 FFNC', 'J0005', 'G0001', 'P0004', 0, 0, -4204, 0, 0, -4204, 0, 1815, 1815, 0, 0, 0, 0, 0, 0, 0, 0, 0, 0, 0, 0, 3327, 0, 0, 0, 0, 0, 0, 0, 0, 0, 0, 3420, -93, 1864, 1814, 0, 1267, 1844, 344, 861, 0, 0, 1573, 0, ''),
('B00203', 'WJ 672 FFNC-REP', 'J0005', 'G0003', 'P0004', 0, 0, 0, 0, 0, 0, 0, -5759, -5759, 0, 0, 0, 0, 0, 0, 0, 0, 0, 0, 0, 0, 0, 0, 0, 0, 0, 0, -5758, 0, 0, 0, 0, 0, 0, 0, 0, 0, 0, 0, 0, 0, 0, 0, 0, 0, ''),
('B00204', 'WJ 7421 BMP', 'J0002', 'G0001', 'P0002', 0, 0, 0, 0, 0, 0, 0, -91695, -91695, 0, 0, 0, 0, 0, 0, 0, 0, 0, 0, 0, 0, -77896, 0, 0, 0, 0, 0, -143730, -10447, 0, 0, -7047, 13798, -91695, 0, 0, 0, 0, 0, 0, 0, 0, 0, 0, 0, ''),
('B00205', 'WJ 7421 BMP-REP', 'J0002', 'G0003', 'P0002', 0, 0, 0, 0, 0, 0, 0, -1914, -1914, 0, 0, 0, 0, 0, 0, 0, 0, 0, 0, 0, 0, 0, 0, 0, 0, 0, 0, 0, 0, 0, 0, -85462, 0, 0, 0, 0, 0, 0, 0, 0, 0, 0, 0, 0, 0, '');

-- --------------------------------------------------------

--
-- Table structure for table `customer`
--

CREATE TABLE `customer` (
  `kode_cust` varchar(15) NOT NULL,
  `nama_cust` varchar(50) DEFAULT NULL
) ENGINE=InnoDB DEFAULT CHARSET=latin1;

-- --------------------------------------------------------

--
-- Table structure for table `grup`
--

CREATE TABLE `grup` (
  `kode_group` varchar(20) NOT NULL,
  `nama_group` varchar(50) DEFAULT NULL
) ENGINE=InnoDB DEFAULT CHARSET=latin1;

--
-- Dumping data for table `grup`
--

INSERT INTO `grup` (`kode_group`, `nama_group`) VALUES
('G0001', 'KM'),
('G0002', 'WO'),
('G0003', 'REP');

-- --------------------------------------------------------

--
-- Table structure for table `jenis`
--

CREATE TABLE `jenis` (
  `kode_jenis` varchar(20) NOT NULL,
  `nama_jenis` varchar(50) DEFAULT NULL
) ENGINE=InnoDB DEFAULT CHARSET=latin1;

--
-- Dumping data for table `jenis`
--

INSERT INTO `jenis` (`kode_jenis`, `nama_jenis`) VALUES
('J0001', 'BM'),
('J0002', 'BMP'),
('J0003', 'BMP-SWB'),
('J0004', 'FF'),
('J0005', 'FFNC'),
('J0006', 'SANFOR');

-- --------------------------------------------------------

--
-- Table structure for table `kodetranscmb`
--

CREATE TABLE `kodetranscmb` (
  `kode_transcmb` varchar(20) NOT NULL,
  `transaksi_cmb` varchar(30) DEFAULT NULL
) ENGINE=InnoDB DEFAULT CHARSET=latin1;

--
-- Dumping data for table `kodetranscmb`
--

INSERT INTO `kodetranscmb` (`kode_transcmb`, `transaksi_cmb`) VALUES
('1', 'Produksi FOLDING'),
('2', 'Produksi PACKING'),
('3', 'Kegudang'),
('4', 'Return/Adjusmen'),
('5', 'Sld. Awal'),
('6', 'Awal Folding'),
('7', 'mut-lain-Gdng');

-- --------------------------------------------------------

--
-- Table structure for table `kodetransgry`
--

CREATE TABLE `kodetransgry` (
  `kode_transgry` varchar(20) NOT NULL,
  `transaksi_gry` varchar(30) DEFAULT NULL
) ENGINE=InnoDB DEFAULT CHARSET=latin1;

--
-- Dumping data for table `kodetransgry`
--

INSERT INTO `kodetransgry` (`kode_transgry`, `transaksi_gry`) VALUES
('1', 'TERIMA GREY'),
('2', 'DIKERJAKAN'),
('3', 'RETURN/SAMPLE');

-- --------------------------------------------------------

--
-- Table structure for table `mtcmb_detail`
--

CREATE TABLE `mtcmb_detail` (
  `kode_detail` int(11) NOT NULL,
  `kode_ordercmb` varchar(20) NOT NULL,
  `no_ordercmb` varchar(30) DEFAULT NULL,
  `tgl_dtl_order` date DEFAULT NULL,
  `no_orderppcmb` varchar(30) DEFAULT NULL,
  `kode_brg` varchar(20) DEFAULT NULL,
  `kode_wo` varchar(20) DEFAULT NULL,
  `kode_gudang_trans` varchar(2) DEFAULT '0',
  `tgl_kegudang` date DEFAULT NULL,
  `gulung_gdg` double DEFAULT NULL,
  `kegudang` double DEFAULT NULL,
  `mtsgudang` double DEFAULT NULL,
  `kode_stdpot` varchar(20) DEFAULT NULL,
  `return` double DEFAULT NULL,
  `selesai` enum('T','Y') DEFAULT NULL,
  `status` enum('BM','SM') DEFAULT NULL,
  `user` varchar(30) DEFAULT NULL
) ENGINE=InnoDB DEFAULT CHARSET=latin1;

-- --------------------------------------------------------

--
-- Table structure for table `mtcmb_detail_copy`
--

CREATE TABLE `mtcmb_detail_copy` (
  `kode_detail` int(11) NOT NULL,
  `kode_ordercmb` varchar(20) NOT NULL,
  `no_ordercmb` varchar(30) DEFAULT NULL,
  `tgl_dtl_order` date DEFAULT NULL,
  `no_orderppcmb` varchar(30) DEFAULT NULL,
  `kode_brg` varchar(20) DEFAULT NULL,
  `kode_wo` varchar(20) DEFAULT NULL,
  `kode_folding_trans` varchar(20) DEFAULT '0',
  `tgl_folding` date DEFAULT NULL,
  `no_gulfold` varchar(5) DEFAULT NULL,
  `gulung_folding` double DEFAULT NULL,
  `folding` double DEFAULT NULL,
  `cutting` double DEFAULT NULL,
  `sisa` double DEFAULT NULL,
  `kode_packing_trans` varchar(20) DEFAULT '0',
  `tgl_packing` date DEFAULT NULL,
  `no_gulpack` double DEFAULT NULL,
  `gulung_packing` double DEFAULT NULL,
  `packing` double DEFAULT NULL,
  `kode_gudang_trans` varchar(20) DEFAULT '0',
  `tgl_kegudang` date DEFAULT NULL,
  `gulung_gdg` double DEFAULT NULL,
  `kegudang` double DEFAULT NULL,
  `mtsgudang` double DEFAULT NULL,
  `kode_stdpot` varchar(20) DEFAULT NULL,
  `return` double DEFAULT NULL,
  `selesai` enum('T','Y') DEFAULT NULL,
  `s_awal` double DEFAULT NULL,
  `status` enum('BM','SM') DEFAULT NULL,
  `user` varchar(30) DEFAULT NULL
) ENGINE=InnoDB DEFAULT CHARSET=latin1;

-- --------------------------------------------------------

--
-- Table structure for table `mtcmb_folding`
--

CREATE TABLE `mtcmb_folding` (
  `kode_dtl_folding` int(11) NOT NULL,
  `no_orderppcmb` varchar(30) DEFAULT NULL,
  `kode_brg` varchar(20) DEFAULT NULL,
  `kode_wo` varchar(20) DEFAULT NULL,
  `kode_folding_trans` varchar(2) DEFAULT '0',
  `tgl_folding` date DEFAULT NULL,
  `no_gulfold` varchar(5) DEFAULT NULL,
  `gulung_folding` double DEFAULT NULL,
  `folding` double DEFAULT NULL,
  `cutting` double DEFAULT NULL,
  `sisa` double DEFAULT NULL
) ENGINE=InnoDB DEFAULT CHARSET=latin1;

-- --------------------------------------------------------

--
-- Table structure for table `mtcmb_gdg_hdr`
--

CREATE TABLE `mtcmb_gdg_hdr` (
  `kode_ordercmb` varchar(20) NOT NULL,
  `no_ordercmb` varchar(30) DEFAULT NULL,
  `tgl_order` date DEFAULT NULL,
  `kode_group` varchar(10) DEFAULT NULL
) ENGINE=InnoDB DEFAULT CHARSET=latin1;

-- --------------------------------------------------------

--
-- Table structure for table `mtcmb_packing`
--

CREATE TABLE `mtcmb_packing` (
  `kode_dtl_packing` int(11) NOT NULL,
  `no_orderppcmb` varchar(30) DEFAULT NULL,
  `kode_brg` varchar(20) DEFAULT NULL,
  `kode_wo` varchar(20) DEFAULT NULL,
  `kode_packing_trans` varchar(2) DEFAULT '0',
  `tgl_packing` date DEFAULT NULL,
  `no_gulpack` double DEFAULT NULL,
  `gulung_packing` double DEFAULT NULL,
  `packing` double DEFAULT NULL,
  `kode_saldo_trans` varchar(2) DEFAULT '0',
  `saldo_awal` double DEFAULT '0',
  `tgl_saldo` date DEFAULT NULL
) ENGINE=InnoDB DEFAULT CHARSET=latin1;

-- --------------------------------------------------------

--
-- Table structure for table `mtgrey_detail`
--

CREATE TABLE `mtgrey_detail` (
  `kode_detail` int(20) NOT NULL,
  `kode_ordergry` varchar(20) DEFAULT NULL,
  `no_ordergry` varchar(30) DEFAULT NULL,
  `tgl_dtl_order` date DEFAULT NULL,
  `no_orderpp` varchar(30) DEFAULT NULL,
  `kain_luar` varchar(30) DEFAULT NULL,
  `kode_brg` varchar(20) DEFAULT NULL,
  `kode_wo` varchar(20) DEFAULT NULL,
  `kode_terima_trans` varchar(20) DEFAULT NULL,
  `gulung` double DEFAULT NULL,
  `terima` double DEFAULT NULL,
  `meter` double DEFAULT NULL,
  `yard` double DEFAULT NULL,
  `kode_proses_trans` varchar(20) DEFAULT NULL,
  `tgl_proses` date DEFAULT NULL,
  `gulung_proses` double DEFAULT NULL,
  `yard_proses` double DEFAULT NULL,
  `kode_return_trans` varchar(20) DEFAULT NULL,
  `gulung_return` double DEFAULT NULL,
  `return` double DEFAULT NULL,
  `selesai` enum('Y','T') DEFAULT NULL,
  `awal_bln` double DEFAULT '0',
  `saldo` double DEFAULT '0',
  `s01` double DEFAULT '0',
  `s02` double DEFAULT '0',
  `s03` double DEFAULT '0',
  `s04` double DEFAULT '0',
  `s05` double DEFAULT '0',
  `s06` double DEFAULT '0',
  `s07` double DEFAULT '0',
  `s08` double DEFAULT '0',
  `s09` double DEFAULT '0',
  `s10` double DEFAULT '0',
  `s11` double DEFAULT '0',
  `s12` double DEFAULT '0',
  `tgl_input` date DEFAULT NULL,
  `user` varchar(30) DEFAULT NULL
) ENGINE=InnoDB DEFAULT CHARSET=latin1;

--
-- Dumping data for table `mtgrey_detail`
--

INSERT INTO `mtgrey_detail` (`kode_detail`, `kode_ordergry`, `no_ordergry`, `tgl_dtl_order`, `no_orderpp`, `kain_luar`, `kode_brg`, `kode_wo`, `kode_terima_trans`, `gulung`, `terima`, `meter`, `yard`, `kode_proses_trans`, `tgl_proses`, `gulung_proses`, `yard_proses`, `kode_return_trans`, `gulung_return`, `return`, `selesai`, `awal_bln`, `saldo`, `s01`, `s02`, `s03`, `s04`, `s05`, `s06`, `s07`, `s08`, `s09`, `s10`, `s11`, `s12`, `tgl_input`, `user`) VALUES
(29, 'OG220500001', '093/GM/22', '2022-05-21', '153-W', '70.56.125', 'B00003', 'BSUGMD', NULL, 177, 32965.75, 30144.25, 32965.75, '2', '2022-05-23', 177, 32965.75, '3', NULL, NULL, 'T', 0, 0, 0, 0, 0, 0, 0, 0, 0, 0, 0, 0, 0, 0, NULL, NULL),
(30, 'OG220500001', '093/GM/22', '2022-05-21', '154-W', '70,56,125', 'B00003', 'BSUGMD', NULL, 177, 33290.25, 30441, 33290.25, '2', '2022-05-23', 177, 33290.25, '3', NULL, NULL, 'T', 0, 0, 0, 0, 0, 0, 0, 0, 0, 0, 0, 0, 0, 0, NULL, NULL),
(31, 'OG220500002', '128/OPB/V/2022', '2022-05-21', '1563K', '', 'B00070', NULL, NULL, 10, 1508, 1379, 1508, NULL, NULL, NULL, NULL, NULL, NULL, NULL, 'T', 0, 0, 0, 0, 0, 0, 0, 0, 0, 0, 0, 0, 0, 0, NULL, NULL),
(32, 'OG220500002', '128/OPB/V/2022', '2022-05-21', '1564K', '', 'B00070', NULL, NULL, 23, 2882.5, 2636, 2882.5, NULL, NULL, NULL, NULL, NULL, NULL, NULL, 'T', 0, 0, 0, 0, 0, 0, 0, 0, 0, 0, 0, 0, 0, 0, NULL, NULL),
(33, 'OG220500002', '128/OPB/V/2022', '2022-05-21', '1565K', '', 'B00070', NULL, NULL, 14, 1745.25, 1596, 1745.25, NULL, NULL, NULL, NULL, NULL, NULL, NULL, 'T', 0, 0, 0, 0, 0, 0, 0, 0, 0, 0, 0, 0, 0, 0, NULL, NULL),
(34, 'OG220500002', '128/OPB/V/2022', '2022-05-21', '1566K', '', 'B00012', NULL, NULL, 45, 2174, 1988, 2174, NULL, NULL, NULL, NULL, NULL, NULL, NULL, 'T', 0, 0, 0, 0, 0, 0, 0, 0, 0, 0, 0, 0, 0, 0, NULL, NULL),
(35, 'OG220500002', '128/OPB/V/2022', '2022-05-21', '1567K', '', 'B00012', NULL, NULL, 21, 3428.25, 3135, 3428.25, NULL, NULL, NULL, NULL, NULL, NULL, NULL, 'T', 0, 0, 0, 0, 0, 0, 0, 0, 0, 0, 0, 0, 0, 0, NULL, NULL),
(36, 'OG220500002', '128/OPB/V/2022', '2022-05-21', '1568K', '', 'B00012', NULL, NULL, 2, 250.25, 229, 250.25, NULL, NULL, NULL, NULL, NULL, NULL, NULL, 'T', 0, 0, 0, 0, 0, 0, 0, 0, 0, 0, 0, 0, 0, 0, NULL, NULL),
(37, 'OG220500002', '128/OPB/V/2022', '2022-05-21', '1569K', '', 'B00012', NULL, NULL, 3, 402.25, 368, 402.25, '2', '2022-05-23', 3, 402.25, '3', NULL, NULL, 'T', 0, 0, 0, 0, 0, 0, 0, 0, 0, 0, 0, 0, 0, 0, NULL, NULL),
(38, 'OG220500002', '128/OPB/V/2022', '2022-05-21', '1570K', '', 'B00130', NULL, NULL, 4, 444, 406, 444, '2', '2022-05-23', 4, 444, '3', NULL, NULL, 'T', 0, 0, 0, 0, 0, 0, 0, 0, 0, 0, 0, 0, 0, 0, NULL, NULL);

-- --------------------------------------------------------

--
-- Table structure for table `mtgrey_hdr`
--

CREATE TABLE `mtgrey_hdr` (
  `kode_ordergry` varchar(20) NOT NULL,
  `no_ordergry` varchar(20) DEFAULT NULL,
  `tgl_order` date DEFAULT NULL,
  `kode_group` varchar(20) DEFAULT NULL
) ENGINE=InnoDB DEFAULT CHARSET=latin1;

--
-- Dumping data for table `mtgrey_hdr`
--

INSERT INTO `mtgrey_hdr` (`kode_ordergry`, `no_ordergry`, `tgl_order`, `kode_group`) VALUES
('OG220500001', '093/GM/22', '2022-05-21', 'G0002'),
('OG220500002', '128/OPB/V/2022', '2022-05-21', 'G0001');

-- --------------------------------------------------------

--
-- Table structure for table `proses`
--

CREATE TABLE `proses` (
  `kode_proses` varchar(20) NOT NULL,
  `kel` varchar(50) DEFAULT NULL
) ENGINE=InnoDB DEFAULT CHARSET=latin1;

--
-- Dumping data for table `proses`
--

INSERT INTO `proses` (`kode_proses`, `kel`) VALUES
('P0001', 'KMBM'),
('P0002', 'KMBMP'),
('P0003', 'KMFF'),
('P0004', 'KMFFNC'),
('P0005', 'WOBM'),
('P0006', 'WOBMP'),
('P0007', 'WOFF'),
('P0008', 'WOFFNC'),
('P0009', 'WOSANFOR');

-- --------------------------------------------------------

--
-- Table structure for table `std_potong`
--

CREATE TABLE `std_potong` (
  `kode_stdpot` varchar(20) NOT NULL,
  `potong` varchar(20) DEFAULT NULL
) ENGINE=InnoDB DEFAULT CHARSET=latin1;

--
-- Dumping data for table `std_potong`
--

INSERT INTO `std_potong` (`kode_stdpot`, `potong`) VALUES
('1', 'UTUH (60 UP)'),
('2', '15.31'),
('3', 'III (30-59)'),
('4', 'IV (10-29)'),
('5', 'V (5-9)'),
('6', 'VI (1-4)'),
('7', 'UTUH (60 UP C2)'),
('8', 'CACAT');

-- --------------------------------------------------------

--
-- Table structure for table `wo`
--

CREATE TABLE `wo` (
  `kode_wo` varchar(15) NOT NULL,
  `nama_wo` varchar(50) DEFAULT NULL
) ENGINE=InnoDB DEFAULT CHARSET=latin1;

--
-- Dumping data for table `wo`
--

INSERT INTO `wo` (`kode_wo`, `nama_wo`) VALUES
('BABDGMD', 'Abdul Ghofur Bp'),
('BABDMD', 'Abdul Mailik Bp'),
('BABMJMD', 'Abdul Majum Bp'),
('BAFIMD', 'Ahmad Fariqul Ibris Bp'),
('BAFMD', 'Afriati Rahmi Ibu'),
('BAGD', 'Agus Bp'),
('BAGMD', 'Agus Bp'),
('BAGNMD', 'Agung Bp'),
('BAGSD', 'Nggala Hartono S'),
('BAGSMD', 'Nggala Hartono S'),
('BAHMD', 'Ahmad Bp'),
('BAIMD', 'Ahmad Imron Bp'),
('BAKHLMD', 'Adul Kholiq Bp'),
('BAKMD', 'Agung Kuncoro pt'),
('BALHUMD', 'Al Huda Bp'),
('BAMD', 'PT. Agung tex'),
('BAMFMD', 'Amat Fauzan Bp'),
('BAND', 'Anto Bp'),
('BANTMD', 'Antonius Bp'),
('BARFMD', 'Arifin Bp'),
('BARGMD', 'Argopeni Pt'),
('BARJMD', 'Arjo Bp'),
('BARYMD', 'Ahmad Riyadi Bp'),
('BARZMD', 'Arisona Bp'),
('BASAMD', 'Asadul Aufa Bp'),
('BASMD', 'Nggala Hartono Bp'),
('BASTMD', 'Andy Santoso Bp'),
('BATMD', 'Ahmad Tasdid Bp'),
('BBALD', 'Bengawan Agung Lestari cv'),
('BBALMD', 'Bengawan Agung Lestari cv'),
('BBASMD', 'Budi Agung S Bp'),
('BBD', 'Bambang Bp'),
('BBDID', 'Budi bp'),
('BBDIMD', 'Budi  Bp'),
('BBLD', 'Bambang MGL Bp'),
('BBLMD', 'Bambang Mgl Bp'),
('BBMD', 'Bambang Bp'),
('BBUNMD', 'Buntoro Bp'),
('BCD', 'Cahyo Bp'),
('BCDRMD', 'Candra Prasetyo Bp'),
('BCFD', 'Faisal Bp'),
('BCPD', 'Primissima pt'),
('BCPMPD', 'Primissima Pt'),
('BCPPMD', 'PT. Pamong Perkasa'),
('BCSMD', 'Cismono Bp'),
('BDD', 'Denis Bp'),
('BDHGD', 'Dhannyanto Goto bp'),
('BDINMD', 'Badrudin Bp'),
('BDRJMD', 'Darmaji Bp'),
('BDYMD', 'Dayono Bp'),
('BEAMD', 'Eko Abdi Maulana Bp'),
('BED', 'Bp. Edi Sunaryo'),
('BEMD', 'Edi Margo Bp'),
('BENWMD', 'Enawati Ibu'),
('BESD', 'Edi Santoso Bp'),
('BFD', 'Fin Fin Ibu'),
('BFKMD', 'Fahrul Khariq Bp'),
('BFMD', 'Fin Fin Ibu'),
('BFRMD', 'Fahrudin Bp'),
('BFSMD', 'Ferry Susanti Ibu'),
('BGHD', 'Nggala Hartono S Bp'),
('BGHMD', 'Nggala Hartono S Bp'),
('BGMD', 'Ganda Madu J pt'),
('BGUD', 'Gufron Bp'),
('BGUMD', 'Gufron Bp'),
('BGUSMD', 'Guswandi Bp'),
('BHAD', 'Hani Bp'),
('BHAMD', 'Hani Bp'),
('BHD', 'Heryadi Bp'),
('BHDYMD', 'Sri Handayani Ibu'),
('BHELMD', 'Helmi Bp'),
('BHID', 'Himawan Bp'),
('BHIMD', 'Himawan Bp'),
('BHMD', 'Heryadi Bp'),
('BHNMD', 'Hanansyah Bp'),
('BHSMD', 'Hadi Shodikin Bp'),
('BHSYMD', 'Hasyim Bp'),
('BHTND', 'Hartono Bp'),
('BHTNMD', 'Hartono Bp'),
('BHUMD', 'Hadi Utomo Bp'),
('BISMD', 'Iskandar pt'),
('BIWMD', 'Iwan Bp'),
('BJGD', 'Jatmiko goto Bp'),
('BJGMD', 'Djatmiko Goto Bp'),
('BJIMD', 'Jimmy Bp'),
('BJKMD', 'Joko Bp'),
('BKDD', 'Kumaidi Bp'),
('BKDMD', 'Kumaidi Bp'),
('BKESMD', 'Kesmatex pt'),
('BKHID', 'Khaerul Isman Bp'),
('BKHIMD', 'Khaerul Isman Bp'),
('BKHMD', 'khuzaimah Ibu'),
('BKMD', 'Karyati Ibu'),
('BKMPD', 'Karyati Ibu'),
('BKNPMD', 'KSM PT'),
('BKSTMD', 'Kastamu Bp'),
('BKTMD', 'Kesatria Manunggal pt'),
('BKUMD', 'Kusuma Mulia PI pt'),
('BKUSD', 'KSM pt'),
('BKUSMD', 'KSM pt'),
('BLID', 'Lilik Ibu'),
('BLMD', 'Luluk Ibu'),
('BLSD', 'Lieas Pt'),
('BLSMD', 'Leas pt'),
('BMARD', 'Marlisa Ibu'),
('BMARMD', 'Marlisa Ibu'),
('BMBMD', 'Kop. Mitra Batik'),
('BMD', 'Makhrus'),
('BMDLMD', 'Batik Mandala'),
('BMHARMD', 'Mulharso Bp'),
('BMHMD', 'Muh. Hisyan Bp'),
('BMHRMD', 'Mashuri Bp'),
('BMIFMD', 'MUH. Miftah Bp'),
('BMIRMD', 'Muh. Irkham Bp'),
('BMKHMD', 'Muh. Khanafi Bp'),
('BMKRDMD', 'Muh. Khairudin Bp'),
('BMMD', 'Makhrus'),
('BMRMD', 'Muh,. Risqon Bp'),
('BMSMD', 'Muh. Siroq Bp'),
('BMTD', 'Murcahm T. Bp'),
('BMTMD', 'Murcham T Bp'),
('BMUHMD', 'Muhammad Thoriq Bp'),
('BMULMD', 'Budi Mulyana'),
('BMUMD', 'Mas\'Udah Ibu'),
('BMURMD', 'Aris Muyanti Ibu'),
('BMZMD', 'Muh. Zafri Bp'),
('BNAFMD', 'Nur Afandi Bp'),
('BND', 'Masnani Bp'),
('BNGMD', 'Ngatemin Bp'),
('BNIMD', 'Nico Bp'),
('BNKMD', 'Nur Kholid Bp'),
('BNMD', 'Masnani Bp'),
('BNRMD', 'Noori Bp'),
('BNURMD', 'Nurkholis Bp'),
('BPARD', 'Paryono Bp'),
('BPDMD', 'Bambang Bp'),
('BPMD', 'Primissima Pt'),
('BPPMD', 'Panca persada mulia pt'),
('BPRIMD', 'Priyanto Bp'),
('BPSMPD', 'Primissima pt'),
('BQMPD', 'Al Qodir PP'),
('BRAKD', 'Raekhon Bp'),
('BRAKMD', 'Raekhon Bp'),
('BRD', 'Rahma Ibu'),
('BRDMD', 'Rudi Bp'),
('BRETD', 'Retno Ibu'),
('BRINMD', 'Rini Ibu'),
('BRMD', 'Rudi Guntoro Bp'),
('BROHMD', 'Rohyati'),
('BRZMD', 'Rozikin Bp'),
('BSAKMD', 'M. Saikhu Bp'),
('BSAMD', 'Shafiyul Atgiyah Ibu'),
('BSBMD', 'Sekar Bengawan pt'),
('BSCMD', 'Sinar Continental pt'),
('BSD', 'Sigit Bp'),
('BSDMD', 'PT. Surya Dadari'),
('BSFHMD', 'Saeful Huda Bp'),
('BSFMD', 'Siti Fatmawati Ibu'),
('BSGSMD', 'Sugeng smg Bp'),
('BSHKD', 'Sia Houw King'),
('BSHMD', 'Sri Haryanti Ibu'),
('BSJ', 'Sigit Bp'),
('BSLD', 'Salimah Ibu'),
('BSLMD', 'Salimah Ibu'),
('BSMAMD', 'Sandang makmur A pt'),
('BSMD', 'Sigit Bp'),
('BSMPD', 'Sigit Bp'),
('BSMSMD', 'Samsuri Bp'),
('BSMUSMD', 'Slamet Mustain'),
('BSNIMD', 'Muhammad Soni Bp'),
('BSOLMD', 'Solehah Ibu'),
('BSOMD', 'Somari Bp'),
('BSRMD', 'Sri Rejeki isman'),
('BSRNMD', 'Surino Bp'),
('BSRSMD', 'Suroso Bp'),
('BSTD', 'Santoso Bp'),
('BSTHMD', 'Slamet Thoriqul Huda Bp'),
('BSTMD', 'Santos Bp'),
('BSUBMD', 'Subhan Bp'),
('BSUGMD', 'Sugeng Bp'),
('BSUNGD', 'Sungkono Bp'),
('BSUNMD', 'Sundari Ibu'),
('BSURD', 'Suryanto Bp'),
('BSWDMD', 'Suwondo Bp'),
('BTAMD', 'Tunggal Agung cv'),
('BTMD', 'Tanto Bp'),
('BTNMD', 'Tiono Bp'),
('BTRMD', 'Taufik Rahardian Bp'),
('BUBLMD', 'M. Ubaidillah Bp'),
('BUD', 'Usmanjaya'),
('BUMD', 'Usmanjaya mekar textil'),
('BUNCD', 'Usanjaya M. pt'),
('BURMD', 'Unggulrejo wasono pt'),
('BURNCD', 'Unggulrejo Wasono pt'),
('BVMD', 'Vania Ibu'),
('BWJZMD', 'Wajizi Bp'),
('BWMD', 'Wandi bp'),
('BYAD', 'Yani Ibu'),
('BYAMD', 'Yani Ibu'),
('BYHMD', 'Yunia Hendriyani Ibu'),
('BYMD', 'Yeni Ibu'),
('BYSMD', 'Yakob Simon Bp'),
('BYUKMD', 'Yayuk Ibu'),
('BYULAMD', 'Yuli Amijaya Bp'),
('BYULMD', 'Yulia Kurnia Sari Ibu'),
('BYUSMD', 'Yusuf Bp'),
('BZALMD', 'Zaelan Bp'),
('BZMD', 'Zakaria Bp'),
('PABDMD', 'Abdul Malik Bp'),
('PADID', 'Aditya Bp'),
('PADIMD', 'Aditya Bp'),
('PADIMPD', 'Aditya Bp'),
('PAFMD', 'Afriati Rahmi Ibu'),
('PAGD', 'Agus Bp'),
('PAGMD', 'Agus Bp'),
('PAGMPD', 'Agus Bp'),
('PAGND', 'Agung Bp'),
('PAGNMPD', 'Agung Bp'),
('PAGRD', 'Anggraeni ibu'),
('PAGSD', 'Nggala Hartono S'),
('PAID', 'Ainis Ibu'),
('PAIMD', 'Ainis Ibu'),
('PAIMPD', 'Anis Ibu'),
('PAND', 'Anto Bp'),
('PANMD', 'Anto Bp'),
('PANMPD', 'Anto Bp'),
('PANTMD', 'Antonius Bp'),
('PASJMD', 'Sajawandi bp'),
('PASMD', 'Andy Santoso Bp'),
('PATHD', 'Ahmad triwibowo HBp'),
('PAWBD', 'Aji Wijaya Buana cv'),
('PAWBMD', 'Aji Wijaya Buana pt'),
('PBALD', 'Bengawan Agung Lestari cv'),
('PBALMD', 'Bengawan Agung Lestari Cv'),
('PBARD', 'Subarna Bp'),
('PBARMPD', 'Subarno bp'),
('PBD', 'H. Bambang'),
('PBLD', 'Bambang Bp'),
('PBLMD', 'Bambang (MGL) Bp'),
('PBMD', 'Bambang Bp'),
('PBMPD', 'Bambang Bp'),
('PBMSD', 'Baja Mulia S, CV'),
('PBMSMPD', 'Baja Mulia S cv'),
('PCD', 'Cahyo Bp'),
('PCDRMD', 'Candra Prasetyo'),
('PCMD', 'Cahyo Bp'),
('PCMPD', 'Cahyo Bp'),
('PCPPMD', 'PT. Pamong Perkasa'),
('PDD', 'Denis Bp'),
('PDHGD', 'Dhannyanto Goto Bp'),
('PDKD', 'Dwi Karya PD'),
('PDMD', 'Deni Bp'),
('PDMPD', 'Denis Bp'),
('PDREMPD', 'Andreas Bp'),
('PDSD', 'Danu santoso Goto Bp'),
('PDSMD', 'Danu Santoso G Bp'),
('PED', 'Edi Margo Bp'),
('PEMD', 'Edi Margo Bp'),
('PEMPD', 'Edi Margo Bp'),
('PFD', 'Fin Fin Hin'),
('PFMD', 'Fin Fin Ibu'),
('PGHD', 'Nggala Htn Bp'),
('PGMD', 'Ganda Madu Jaya pt'),
('PGUD', 'Gufron Bp'),
('PGUMD', 'Gufron Bp'),
('PHAD', 'Hani Bp'),
('PHADID', 'Hadi bp'),
('PHADMD', 'Hadi Bp'),
('PHAMD', 'Hani Bp'),
('PHAMPD', 'Hani Bp'),
('PHAND', 'Hnansyah Bp'),
('PHANMD', 'Hanan Bp'),
('PHANMPD', 'Hanan Bp'),
('PHD', 'Heryadi Bp'),
('PHDYMD', 'Sri Handayani Ibu'),
('PHELD', 'Helmi Bp'),
('PHELMD', 'Helmi Bp'),
('PHELMPD', 'Helmi Bp'),
('PHENIMD', 'Heni biu'),
('PHIMD', 'Himawan Bp'),
('PHIMPD', 'Himawan Bp'),
('PHJMD', 'Johan Bp'),
('PHMD', 'Heryadi Bp'),
('PHMMD', 'Himawan Bp'),
('PHNCD', 'Heryadi Bp'),
('PHND', 'Hani solo Bp'),
('PHNFD', 'HANAFI Bp'),
('PHNFMD', 'Hanafi Bp'),
('PHNMD', 'Hanasyah Bp'),
('PHNMPD', 'Hanansyah Bp'),
('PHTND', 'Hartono Bp'),
('PHTNMD', 'Hartono Bp'),
('PID', 'Ing Wie Bp'),
('PIDAD', 'Ida Ibu'),
('PIDAMD', 'Ida Ibu'),
('PISMD', 'Iskandar indah'),
('PJCD', 'J. Cristianto Bp'),
('PJCMD', 'Johanes crsitianto Bp'),
('PJGD', 'Djatmiko goto Bp'),
('PJGMD', 'Djatmiko Goto Bp'),
('PJHD', 'Johan Bp'),
('PJHMD', 'Johan Bp'),
('PKD', 'Karyati Ibu'),
('PKHD', 'Khuzaimah Ibu'),
('PKHMD', 'Khuzaimah Ibu'),
('PKHMPD', 'Khuzaimah Ibu'),
('PKMD', 'Karyati Ibu'),
('PKNCD', 'Karyati Ibu'),
('PKNPMD', 'KNP PT'),
('PKSD', 'Batik Kasmaji'),
('PKTD', 'Kesatria Manungal pt'),
('PKTMD', 'Kesatria Manunggal pt'),
('PKUSD', 'KSM pt'),
('PKUSMD', 'KSM Pt'),
('PLID', 'Lilik Ibu'),
('PLMPD', 'luluk Ibu'),
('PLSD', 'Leas Pt'),
('PLSMD', 'Lias Ibu'),
('PLSMPD', 'Prima bmp'),
('PMAMD', 'Mawardi Bp'),
('PMD', 'H. Makhrus Bp'),
('PMKD', 'Mardiki Bp'),
('PMMD', 'Makhrus Bp'),
('PMMPD', 'Makhrus Bp'),
('PMSMD', 'Muh. Soni Bp'),
('PMTD', 'Murcham Tantowi Bp'),
('PMTMD', 'Murcham Tantowi Bp'),
('PMTMPD', 'Murcham T Bp'),
('PMUD', 'Mas\'udah Ibu'),
('PMUKMD', 'Muklis Bp'),
('PMUKMPD', 'Muklis Bp'),
('PMULMD', 'Budi Mulyana Bp'),
('PMUMD', 'Mas\'udah Ibu'),
('PMUMPD', 'Mas\'udah ibu'),
('PND', 'Bp. Masnani'),
('PNMD', 'Masnani bp'),
('PNMPD', 'Masnani Bp'),
('PNURMD', 'Nukholis Bp'),
('PPASMD', 'Panca Anugrah S. Pt'),
('PPBMD', 'Panca Bintang TS, pt'),
('PPD', 'Primiisima pt'),
('PPMD', 'Primissima Pt'),
('PPMMD', 'Panca Prima Persada pt'),
('PPMPD', 'Primissima Pt'),
('PPPMD', 'Panca Persada Mulia pt'),
('PQD', 'ALQodir PP'),
('PQMD', 'Al Qodir PP'),
('PQMPD', 'Al Qodir PP'),
('PRD', 'Rahma Ibu'),
('PRDD', 'Rudi Bp'),
('PRDMD', 'Rudi Bp'),
('PRDMPD', 'Rudi Bp'),
('PRETD', 'Retno Ibu'),
('PRETMD', 'Retno Ibu'),
('PRETMPD', 'Retno Ibu'),
('PRMD', 'Rahma Ibu'),
('PRMPD', 'Rahma Ibu'),
('PRNIMD', 'Rini ibu'),
('PRNIMPD', 'Rini Ibu'),
('PROHD', 'Rohyati Ibu'),
('PROHMD', 'Rohyati Ibu'),
('PROHMPD', 'Rohyati Ibu'),
('PSAGMD', 'Agus Bp'),
('PSAJD', 'AM. Sajawandi Bp'),
('PSAJMD', 'Sajawandi bp'),
('PSAJMPD', 'Sajawandi Bp'),
('PSANMD', 'Sanjaya Bp'),
('PSBMD', 'Sekar Bengawan pt'),
('PSBMPD', 'Sekar Bengawan pt'),
('PSCMD', 'Sinar Continental pt'),
('PSD', 'Sigit Bp'),
('PSGUNMD', 'Gunawan Bp'),
('PSHID', 'Himawan Bp'),
('PSHIMPD', 'Himawan Bp'),
('PSHNCD', 'Heryadi Bp'),
('PSHND', 'Suharno Bp'),
('PSLMD', 'Slamet Bp'),
('PSMAMD', 'Sandang makmur anugrah pt'),
('PSMD', 'Sigit Bp'),
('PSMMD', 'Makhrus Bp'),
('PSMMPD', 'Makhrus Bp'),
('PSMPD', 'Sigit Bp'),
('PSMTD', 'Murcham T Bp'),
('PSMTMD', 'Murcham T Bp'),
('PSMTMPD', 'Murcham T Bp'),
('PSMUD', 'Mas\'udah Ibu'),
('PSMUKMPD', 'Muklis Bp'),
('PSMUMPD', 'Mas\'udah Ibu'),
('PSNID', 'Soni Bp'),
('PSNIMD', 'Soni Bp'),
('PSOFD', 'Sofiyeti Ibu'),
('PSOFMD', 'Sofiyeti Ibu'),
('PSOFMPD', 'Sofiyeti Ibu'),
('PSPASMPD', 'Panca Anugrah Selaras'),
('PSPD', 'Primissima pt'),
('PSPMPD', 'PT. PRIMISSIMA'),
('PSPPMD', 'PT. Pamong Perkasa'),
('PSQMPD', 'Al Qodir PP'),
('PSRDMPD', 'Rudi Bp'),
('PSRMD', 'Sri Rejeki Isman'),
('PSRTMPD', 'Rehal Traco'),
('PSSBMD', 'Sekar Bengawan pt'),
('PSSBMPD', 'Sekar Bengawan pt'),
('PSSURYMPD', 'Suryanto  SL, Bp'),
('PSSYD', 'H. Syakur Bp'),
('PSTD', 'Santoso Bp'),
('PSTMD', 'Santoso Bp'),
('PSUBMD', 'Subhan Bp'),
('PSUNGD', 'Sungkono Bp'),
('PSUNMD', 'Sundari Ibu'),
('PSURD', 'Suryanto Bp'),
('PSURMD', 'Suryanto Bp'),
('PSURMPD', 'Suryanto Bp'),
('PSURYMPD', 'Suryanto SL Bp'),
('PSUTD', 'Sutanto Bp'),
('PSWDMPD', 'Widodo bp'),
('PSWMD', 'Sarwono Bp'),
('PTAMD', 'Tunggal agung cv'),
('PTGMD', 'Teguh Bp'),
('PTLYD', 'Tan Lay Yung Bp'),
('PUD', 'Usmanjaya'),
('PUND', 'Umanda Bp'),
('PUNMD', 'Umanda bp'),
('PUNMPD', 'Umanda Bp'),
('PURMD', 'Unggul Rejo Wasono pt'),
('PVEMPD', 'Vera Ibu'),
('PVIRD', 'Vira Ibu'),
('PVIRMPD', 'Vira Ibu'),
('PWATMD', 'Watik Ibu'),
('PWIRMD', 'Wahyu Iryanto Bp'),
('PWJZD', 'H, Wajizi Bp'),
('PWJZMD', 'H. Wajizi Bp'),
('PWMD', 'Wandi Bp'),
('PYAD', 'Yani Ibu'),
('PYAMD', 'Yani Ibu'),
('PYAMPD', 'Yani ibu'),
('PYD', 'Yeni Ibu'),
('PYMD', 'Yeni Ibu'),
('PYMPD', 'Yeni Ibu'),
('PZALMD', 'Zaelan Bp'),
('PZMD', 'Zakaria Bp'),
('RAD', 'Adul Kadir. Bp'),
('RADINCD', 'Adi Sunarko Bp'),
('RBDNCD', 'Bakti Dua Sekawan'),
('RBDSD', 'Bakti Dua Sekawan'),
('RBSD', 'Bobby setianto Bp'),
('RDGD', 'Dhannyanto Goto Bp'),
('RDLD', 'Desriana Lenasari ibu'),
('RHADNCD', 'Hadi Bp'),
('RHNCD', 'Heryadi Bp'),
('RJGD', 'Jatmiko Goto Bp'),
('RKNCD', 'Karyati Ibu'),
('RMD', 'Makhrus Bp'),
('RMKNCD', 'Megah mediatrix karya'),
('RMNCD', 'Makhrus Bp'),
('RMULMD', 'Mulyanto bp'),
('RNID', 'Nico Bp'),
('RPD', 'Primissima pt'),
('RRAD', 'Ratih Ibu'),
('RRANCD', 'Renaldi Adidarma Bp'),
('RSBD', 'Sekar bengawab pt'),
('RSD', 'Sigit Bp'),
('RSGSD', 'Sugeng Smg Bp'),
('RSMANC', 'Sandang Makmur Ang pt'),
('RSUGD', 'Sugeng Bp'),
('RWULD', 'Wulan M. ibu'),
('VPMPD', 'Primissima Pt');

--
-- Indexes for dumped tables
--

--
-- Indexes for table `customer`
--
ALTER TABLE `customer`
  ADD PRIMARY KEY (`kode_cust`);

--
-- Indexes for table `grup`
--
ALTER TABLE `grup`
  ADD PRIMARY KEY (`kode_group`);

--
-- Indexes for table `jenis`
--
ALTER TABLE `jenis`
  ADD PRIMARY KEY (`kode_jenis`);

--
-- Indexes for table `kodetranscmb`
--
ALTER TABLE `kodetranscmb`
  ADD PRIMARY KEY (`kode_transcmb`);

--
-- Indexes for table `kodetransgry`
--
ALTER TABLE `kodetransgry`
  ADD PRIMARY KEY (`kode_transgry`);

--
-- Indexes for table `mtcmb_detail`
--
ALTER TABLE `mtcmb_detail`
  ADD PRIMARY KEY (`kode_detail`),
  ADD KEY `FK_mtcmb_detail` (`no_ordercmb`);

--
-- Indexes for table `mtcmb_detail_copy`
--
ALTER TABLE `mtcmb_detail_copy`
  ADD PRIMARY KEY (`kode_detail`),
  ADD KEY `FK_mtcmb_detail` (`no_ordercmb`);

--
-- Indexes for table `mtcmb_folding`
--
ALTER TABLE `mtcmb_folding`
  ADD PRIMARY KEY (`kode_dtl_folding`);

--
-- Indexes for table `mtcmb_gdg_hdr`
--
ALTER TABLE `mtcmb_gdg_hdr`
  ADD PRIMARY KEY (`kode_ordercmb`),
  ADD KEY `FK_mtcmb_gdg_hdr` (`kode_group`);

--
-- Indexes for table `mtcmb_packing`
--
ALTER TABLE `mtcmb_packing`
  ADD PRIMARY KEY (`kode_dtl_packing`);

--
-- Indexes for table `mtgrey_detail`
--
ALTER TABLE `mtgrey_detail`
  ADD PRIMARY KEY (`kode_detail`);

--
-- Indexes for table `mtgrey_hdr`
--
ALTER TABLE `mtgrey_hdr`
  ADD PRIMARY KEY (`kode_ordergry`);

--
-- Indexes for table `proses`
--
ALTER TABLE `proses`
  ADD PRIMARY KEY (`kode_proses`);

--
-- Indexes for table `std_potong`
--
ALTER TABLE `std_potong`
  ADD PRIMARY KEY (`kode_stdpot`);

--
-- Indexes for table `wo`
--
ALTER TABLE `wo`
  ADD PRIMARY KEY (`kode_wo`);

--
-- AUTO_INCREMENT for dumped tables
--

--
-- AUTO_INCREMENT for table `mtcmb_detail`
--
ALTER TABLE `mtcmb_detail`
  MODIFY `kode_detail` int(11) NOT NULL AUTO_INCREMENT;
--
-- AUTO_INCREMENT for table `mtcmb_detail_copy`
--
ALTER TABLE `mtcmb_detail_copy`
  MODIFY `kode_detail` int(11) NOT NULL AUTO_INCREMENT;
--
-- AUTO_INCREMENT for table `mtcmb_folding`
--
ALTER TABLE `mtcmb_folding`
  MODIFY `kode_dtl_folding` int(11) NOT NULL AUTO_INCREMENT;
--
-- AUTO_INCREMENT for table `mtcmb_packing`
--
ALTER TABLE `mtcmb_packing`
  MODIFY `kode_dtl_packing` int(11) NOT NULL AUTO_INCREMENT;
--
-- AUTO_INCREMENT for table `mtgrey_detail`
--
ALTER TABLE `mtgrey_detail`
  MODIFY `kode_detail` int(20) NOT NULL AUTO_INCREMENT, AUTO_INCREMENT=39;
/*!40101 SET CHARACTER_SET_CLIENT=@OLD_CHARACTER_SET_CLIENT */;
/*!40101 SET CHARACTER_SET_RESULTS=@OLD_CHARACTER_SET_RESULTS */;
/*!40101 SET COLLATION_CONNECTION=@OLD_COLLATION_CONNECTION */;
